,Seed,Gravity,Length,Force_mag,Episode,Score
0,0,0.5,9.8,4,0,24.0
1,0,0.5,9.8,4,1,21.0
2,0,0.5,9.8,4,2,25.0
3,0,0.5,9.8,4,3,68.0
4,0,0.5,9.8,4,4,39.0
5,0,0.5,9.8,4,5,52.0
6,0,0.5,9.8,4,6,65.0
7,0,0.5,9.8,4,7,52.0
8,0,0.5,9.8,4,8,42.0
9,0,0.5,9.8,4,9,45.0
10,0,0.5,9.8,4,10,21.0
11,0,0.5,9.8,4,11,54.0
12,0,0.5,9.8,4,12,27.0
13,0,0.5,9.8,4,13,29.0
14,0,0.5,9.8,4,14,22.0
15,0,0.5,9.8,4,15,35.0
16,0,0.5,9.8,4,16,26.0
17,0,0.5,9.8,4,17,30.0
18,0,0.5,9.8,4,18,24.0
19,0,0.5,9.8,4,19,28.0
20,0,0.5,9.8,4,20,21.0
21,0,0.5,9.8,4,21,34.0
22,0,0.5,9.8,4,22,18.0
23,0,0.5,9.8,4,23,21.0
24,0,0.5,9.8,4,24,28.0
25,0,0.5,9.8,4,25,64.0
26,0,0.5,9.8,4,26,25.0
27,0,0.5,9.8,4,27,21.0
28,0,0.5,9.8,4,28,23.0
29,0,0.5,9.8,4,29,35.0
30,0,0.5,9.8,4,30,42.0
31,0,0.5,9.8,4,31,26.0
32,0,0.5,9.8,4,32,17.0
33,0,0.5,9.8,4,33,16.0
34,0,0.5,9.8,4,34,30.0
35,0,0.5,9.8,4,35,16.0
36,0,0.5,9.8,4,36,34.0
37,0,0.5,9.8,4,37,28.0
38,0,0.5,9.8,4,38,36.0
39,0,0.5,9.8,4,39,20.0
40,0,0.5,9.8,4,40,44.0
41,0,0.5,9.8,4,41,40.0
42,0,0.5,9.8,4,42,20.0
43,0,0.5,9.8,4,43,15.0
44,0,0.5,9.8,4,44,23.0
45,0,0.5,9.8,4,45,14.0
46,0,0.5,9.8,4,46,39.0
47,0,0.5,9.8,4,47,21.0
48,0,0.5,9.8,4,48,37.0
49,0,0.5,9.8,4,49,23.0
50,0,0.5,9.8,4,50,19.0
51,0,0.5,9.8,4,51,26.0
52,0,0.5,9.8,4,52,25.0
53,0,0.5,9.8,4,53,18.0
54,0,0.5,9.8,4,54,18.0
55,0,0.5,9.8,4,55,42.0
56,0,0.5,9.8,4,56,23.0
57,0,0.5,9.8,4,57,17.0
58,0,0.5,9.8,4,58,22.0
59,0,0.5,9.8,4,59,44.0
60,0,0.5,9.8,4,60,20.0
61,0,0.5,9.8,4,61,34.0
62,0,0.5,9.8,4,62,30.0
63,0,0.5,9.8,4,63,44.0
64,0,0.5,9.8,4,64,20.0
65,0,0.5,9.8,4,65,19.0
66,0,0.5,9.8,4,66,32.0
67,0,0.5,9.8,4,67,25.0
68,0,0.5,9.8,4,68,18.0
69,0,0.5,9.8,4,69,27.0
70,0,0.5,9.8,4,70,15.0
71,0,0.5,9.8,4,71,25.0
72,0,0.5,9.8,4,72,30.0
73,0,0.5,9.8,4,73,23.0
74,0,0.5,9.8,4,74,29.0
75,0,0.5,9.8,4,75,27.0
76,0,0.5,9.8,4,76,29.0
77,0,0.5,9.8,4,77,23.0
78,0,0.5,9.8,4,78,23.0
79,0,0.5,9.8,4,79,22.0
80,0,0.5,9.8,4,80,28.0
81,0,0.5,9.8,4,81,19.0
82,0,0.5,9.8,4,82,23.0
83,0,0.5,9.8,4,83,23.0
84,0,0.5,9.8,4,84,23.0
85,0,0.5,9.8,4,85,26.0
86,0,0.5,9.8,4,86,54.0
87,0,0.5,9.8,4,87,46.0
88,0,0.5,9.8,4,88,29.0
89,0,0.5,9.8,4,89,46.0
90,0,0.5,9.8,4,90,45.0
91,0,0.5,9.8,4,91,33.0
92,0,0.5,9.8,4,92,40.0
93,0,0.5,9.8,4,93,16.0
94,0,0.5,9.8,4,94,28.0
95,0,0.5,9.8,4,95,17.0
96,0,0.5,9.8,4,96,18.0
97,0,0.5,9.8,4,97,17.0
98,0,0.5,9.8,4,98,21.0
99,0,0.5,9.8,4,99,23.0
100,0,0.5,9.8,4,100,24.0
101,0,0.5,9.8,4,101,14.0
102,0,0.5,9.8,4,102,20.0
103,0,0.5,9.8,4,103,27.0
104,0,0.5,9.8,4,104,17.0
105,0,0.5,9.8,4,105,22.0
106,0,0.5,9.8,4,106,16.0
107,0,0.5,9.8,4,107,16.0
108,0,0.5,9.8,4,108,22.0
109,0,0.5,9.8,4,109,17.0
110,0,0.5,9.8,4,110,21.0
111,0,0.5,9.8,4,111,23.0
112,0,0.5,9.8,4,112,17.0
113,0,0.5,9.8,4,113,24.0
114,0,0.5,9.8,4,114,21.0
115,0,0.5,9.8,4,115,16.0
116,0,0.5,9.8,4,116,17.0
117,0,0.5,9.8,4,117,16.0
118,0,0.5,9.8,4,118,19.0
119,0,0.5,9.8,4,119,28.0
120,0,0.5,9.8,4,120,21.0
121,0,0.5,9.8,4,121,13.0
122,0,0.5,9.8,4,122,19.0
123,0,0.5,9.8,4,123,19.0
124,0,0.5,9.8,4,124,17.0
125,0,0.5,9.8,4,125,74.0
126,0,0.5,9.8,4,126,28.0
127,0,0.5,9.8,4,127,17.0
128,0,0.5,9.8,4,128,27.0
129,0,0.5,9.8,4,129,27.0
130,0,0.5,9.8,4,130,21.0
131,0,0.5,9.8,4,131,20.0
132,0,0.5,9.8,4,132,14.0
133,0,0.5,9.8,4,133,17.0
134,0,0.5,9.8,4,134,38.0
135,0,0.5,9.8,4,135,25.0
136,0,0.5,9.8,4,136,21.0
137,0,0.5,9.8,4,137,16.0
138,0,0.5,9.8,4,138,24.0
139,0,0.5,9.8,4,139,14.0
140,0,0.5,9.8,4,140,24.0
141,0,0.5,9.8,4,141,13.0
142,0,0.5,9.8,4,142,17.0
143,0,0.5,9.8,4,143,37.0
144,0,0.5,9.8,4,144,18.0
145,0,0.5,9.8,4,145,16.0
146,0,0.5,9.8,4,146,21.0
147,0,0.5,9.8,4,147,16.0
148,0,0.5,9.8,4,148,13.0
149,0,0.5,9.8,4,149,16.0
150,0,0.5,9.8,4,150,12.0
151,0,0.5,9.8,4,151,20.0
152,0,0.5,9.8,4,152,18.0
153,0,0.5,9.8,4,153,19.0
154,0,0.5,9.8,4,154,14.0
155,0,0.5,9.8,4,155,18.0
156,0,0.5,9.8,4,156,13.0
157,0,0.5,9.8,4,157,15.0
158,0,0.5,9.8,4,158,16.0
159,0,0.5,9.8,4,159,22.0
160,0,0.5,9.8,4,160,18.0
161,0,0.5,9.8,4,161,17.0
162,0,0.5,9.8,4,162,19.0
163,0,0.5,9.8,4,163,22.0
164,0,0.5,9.8,4,164,19.0
165,0,0.5,9.8,4,165,20.0
166,0,0.5,9.8,4,166,21.0
167,0,0.5,9.8,4,167,24.0
168,0,0.5,9.8,4,168,21.0
169,0,0.5,9.8,4,169,16.0
170,0,0.5,9.8,4,170,15.0
171,0,0.5,9.8,4,171,16.0
172,0,0.5,9.8,4,172,14.0
173,0,0.5,9.8,4,173,22.0
174,0,0.5,9.8,4,174,22.0
175,0,0.5,9.8,4,175,27.0
176,0,0.5,9.8,4,176,17.0
177,0,0.5,9.8,4,177,13.0
178,0,0.5,9.8,4,178,24.0
179,0,0.5,9.8,4,179,12.0
180,0,0.5,9.8,4,180,17.0
181,0,0.5,9.8,4,181,17.0
182,0,0.5,9.8,4,182,16.0
183,0,0.5,9.8,4,183,15.0
184,0,0.5,9.8,4,184,14.0
185,0,0.5,9.8,4,185,12.0
186,0,0.5,9.8,4,186,15.0
187,0,0.5,9.8,4,187,18.0
188,0,0.5,9.8,4,188,19.0
189,0,0.5,9.8,4,189,18.0
190,0,0.5,9.8,4,190,16.0
191,0,0.5,9.8,4,191,13.0
192,0,0.5,9.8,4,192,19.0
193,0,0.5,9.8,4,193,14.0
194,0,0.5,9.8,4,194,15.0
195,0,0.5,9.8,4,195,21.0
196,0,0.5,9.8,4,196,14.0
197,0,0.5,9.8,4,197,16.0
198,0,0.5,9.8,4,198,20.0
199,0,0.5,9.8,4,199,15.0
200,0,0.5,9.8,4,200,17.0
201,0,0.5,9.8,4,201,22.0
202,0,0.5,9.8,4,202,15.0
203,0,0.5,9.8,4,203,16.0
204,0,0.5,9.8,4,204,18.0
205,0,0.5,9.8,4,205,15.0
206,0,0.5,9.8,4,206,19.0
207,0,0.5,9.8,4,207,13.0
208,0,0.5,9.8,4,208,20.0
209,0,0.5,9.8,4,209,18.0
210,0,0.5,9.8,4,210,16.0
211,0,0.5,9.8,4,211,16.0
212,0,0.5,9.8,4,212,17.0
213,0,0.5,9.8,4,213,18.0
214,0,0.5,9.8,4,214,16.0
215,0,0.5,9.8,4,215,26.0
216,0,0.5,9.8,4,216,15.0
217,0,0.5,9.8,4,217,22.0
218,0,0.5,9.8,4,218,18.0
219,0,0.5,9.8,4,219,14.0
220,0,0.5,9.8,4,220,16.0
221,0,0.5,9.8,4,221,17.0
222,0,0.5,9.8,4,222,15.0
223,0,0.5,9.8,4,223,16.0
224,0,0.5,9.8,4,224,19.0
225,0,0.5,9.8,4,225,14.0
226,0,0.5,9.8,4,226,18.0
227,0,0.5,9.8,4,227,14.0
228,0,0.5,9.8,4,228,14.0
229,0,0.5,9.8,4,229,15.0
230,0,0.5,9.8,4,230,17.0
231,0,0.5,9.8,4,231,16.0
232,0,0.5,9.8,4,232,14.0
233,0,0.5,9.8,4,233,14.0
234,0,0.5,9.8,4,234,15.0
235,0,0.5,9.8,4,235,12.0
236,0,0.5,9.8,4,236,19.0
237,0,0.5,9.8,4,237,22.0
238,0,0.5,9.8,4,238,16.0
239,0,0.5,9.8,4,239,27.0
240,0,0.5,9.8,4,240,17.0
241,0,0.5,9.8,4,241,13.0
242,0,0.5,9.8,4,242,13.0
243,0,0.5,9.8,4,243,14.0
244,0,0.5,9.8,4,244,15.0
245,0,0.5,9.8,4,245,13.0
246,0,0.5,9.8,4,246,16.0
247,0,0.5,9.8,4,247,14.0
248,0,0.5,9.8,4,248,14.0
249,0,0.5,9.8,4,249,16.0
250,0,0.5,9.8,4,250,21.0
251,0,0.5,9.8,4,251,16.0
252,0,0.5,9.8,4,252,16.0
253,0,0.5,9.8,4,253,15.0
254,0,0.5,9.8,4,254,16.0
255,0,0.5,9.8,4,255,18.0
256,0,0.5,9.8,4,256,17.0
257,0,0.5,9.8,4,257,15.0
258,0,0.5,9.8,4,258,13.0
259,0,0.5,9.8,4,259,17.0
260,0,0.5,9.8,4,260,16.0
261,0,0.5,9.8,4,261,13.0
262,0,0.5,9.8,4,262,13.0
263,0,0.5,9.8,4,263,13.0
264,0,0.5,9.8,4,264,13.0
265,0,0.5,9.8,4,265,15.0
266,0,0.5,9.8,4,266,16.0
267,0,0.5,9.8,4,267,19.0
268,0,0.5,9.8,4,268,17.0
269,0,0.5,9.8,4,269,16.0
270,0,0.5,9.8,4,270,21.0
271,0,0.5,9.8,4,271,22.0
272,0,0.5,9.8,4,272,16.0
273,0,0.5,9.8,4,273,16.0
274,0,0.5,9.8,4,274,14.0
275,0,0.5,9.8,4,275,17.0
276,0,0.5,9.8,4,276,16.0
277,0,0.5,9.8,4,277,13.0
278,0,0.5,9.8,4,278,18.0
279,0,0.5,9.8,4,279,16.0
280,0,0.5,9.8,4,280,16.0
281,0,0.5,9.8,4,281,17.0
282,0,0.5,9.8,4,282,15.0
283,0,0.5,9.8,4,283,14.0
284,0,0.5,9.8,4,284,19.0
285,0,0.5,9.8,4,285,19.0
286,0,0.5,9.8,4,286,15.0
287,0,0.5,9.8,4,287,17.0
288,0,0.5,9.8,4,288,17.0
289,0,0.5,9.8,4,289,14.0
290,0,0.5,9.8,4,290,13.0
291,0,0.5,9.8,4,291,16.0
292,0,0.5,9.8,4,292,17.0
293,0,0.5,9.8,4,293,15.0
294,0,0.5,9.8,4,294,15.0
295,0,0.5,9.8,4,295,15.0
296,0,0.5,9.8,4,296,12.0
297,0,0.5,9.8,4,297,17.0
298,0,0.5,9.8,4,298,14.0
299,0,0.5,9.8,4,299,13.0
300,0,0.5,9.8,4,300,18.0
301,0,0.5,9.8,4,301,14.0
302,0,0.5,9.8,4,302,14.0
303,0,0.5,9.8,4,303,15.0
304,0,0.5,9.8,4,304,16.0
305,0,0.5,9.8,4,305,14.0
306,0,0.5,9.8,4,306,14.0
307,0,0.5,9.8,4,307,14.0
308,0,0.5,9.8,4,308,17.0
309,0,0.5,9.8,4,309,20.0
310,0,0.5,9.8,4,310,15.0
311,0,0.5,9.8,4,311,22.0
312,0,0.5,9.8,4,312,19.0
313,0,0.5,9.8,4,313,12.0
314,0,0.5,9.8,4,314,16.0
315,0,0.5,9.8,4,315,17.0
316,0,0.5,9.8,4,316,16.0
317,0,0.5,9.8,4,317,18.0
318,0,0.5,9.8,4,318,13.0
319,0,0.5,9.8,4,319,19.0
320,0,0.5,9.8,4,320,16.0
321,0,0.5,9.8,4,321,13.0
322,0,0.5,9.8,4,322,16.0
323,0,0.5,9.8,4,323,20.0
324,0,0.5,9.8,4,324,14.0
325,0,0.5,9.8,4,325,18.0
326,0,0.5,9.8,4,326,14.0
327,0,0.5,9.8,4,327,14.0
328,0,0.5,9.8,4,328,24.0
329,0,0.5,9.8,4,329,14.0
330,0,0.5,9.8,4,330,15.0
331,0,0.5,9.8,4,331,21.0
332,0,0.5,9.8,4,332,14.0
333,0,0.5,9.8,4,333,12.0
334,0,0.5,9.8,4,334,19.0
335,0,0.5,9.8,4,335,17.0
336,0,0.5,9.8,4,336,17.0
337,0,0.5,9.8,4,337,15.0
338,0,0.5,9.8,4,338,16.0
339,0,0.5,9.8,4,339,12.0
340,0,0.5,9.8,4,340,14.0
341,0,0.5,9.8,4,341,14.0
342,0,0.5,9.8,4,342,15.0
343,0,0.5,9.8,4,343,14.0
344,0,0.5,9.8,4,344,16.0
345,0,0.5,9.8,4,345,16.0
346,0,0.5,9.8,4,346,13.0
347,0,0.5,9.8,4,347,15.0
348,0,0.5,9.8,4,348,15.0
349,0,0.5,9.8,4,349,18.0
350,0,0.5,9.8,4,350,13.0
351,0,0.5,9.8,4,351,14.0
352,0,0.5,9.8,4,352,13.0
353,0,0.5,9.8,4,353,16.0
354,0,0.5,9.8,4,354,15.0
355,0,0.5,9.8,4,355,18.0
356,0,0.5,9.8,4,356,14.0
357,0,0.5,9.8,4,357,14.0
358,0,0.5,9.8,4,358,15.0
359,0,0.5,9.8,4,359,12.0
360,0,0.5,9.8,4,360,16.0
361,0,0.5,9.8,4,361,14.0
362,0,0.5,9.8,4,362,14.0
363,0,0.5,9.8,4,363,18.0
364,0,0.5,9.8,4,364,17.0
365,0,0.5,9.8,4,365,17.0
366,0,0.5,9.8,4,366,14.0
367,0,0.5,9.8,4,367,13.0
368,0,0.5,9.8,4,368,16.0
369,0,0.5,9.8,4,369,15.0
370,0,0.5,9.8,4,370,15.0
371,0,0.5,9.8,4,371,15.0
372,0,0.5,9.8,4,372,22.0
373,0,0.5,9.8,4,373,16.0
374,0,0.5,9.8,4,374,19.0
375,0,0.5,9.8,4,375,16.0
376,0,0.5,9.8,4,376,16.0
377,0,0.5,9.8,4,377,14.0
378,0,0.5,9.8,4,378,14.0
379,0,0.5,9.8,4,379,15.0
380,0,0.5,9.8,4,380,14.0
381,0,0.5,9.8,4,381,14.0
382,0,0.5,9.8,4,382,16.0
383,0,0.5,9.8,4,383,23.0
384,0,0.5,9.8,4,384,12.0
385,0,0.5,9.8,4,385,13.0
386,0,0.5,9.8,4,386,14.0
387,0,0.5,9.8,4,387,15.0
388,0,0.5,9.8,4,388,15.0
389,0,0.5,9.8,4,389,13.0
390,0,0.5,9.8,4,390,16.0
391,0,0.5,9.8,4,391,14.0
392,0,0.5,9.8,4,392,16.0
393,0,0.5,9.8,4,393,14.0
394,0,0.5,9.8,4,394,12.0
395,0,0.5,9.8,4,395,14.0
396,0,0.5,9.8,4,396,17.0
397,0,0.5,9.8,4,397,16.0
398,0,0.5,9.8,4,398,13.0
399,0,0.5,9.8,4,399,15.0
400,0,0.5,9.8,4,400,14.0
401,0,0.5,9.8,4,401,16.0
402,0,0.5,9.8,4,402,15.0
403,0,0.5,9.8,4,403,18.0
404,0,0.5,9.8,4,404,16.0
405,0,0.5,9.8,4,405,17.0
406,0,0.5,9.8,4,406,18.0
407,0,0.5,9.8,4,407,14.0
408,0,0.5,9.8,4,408,14.0
409,0,0.5,9.8,4,409,14.0
410,0,0.5,9.8,4,410,15.0
411,0,0.5,9.8,4,411,17.0
412,0,0.5,9.8,4,412,17.0
413,0,0.5,9.8,4,413,13.0
414,0,0.5,9.8,4,414,13.0
415,0,0.5,9.8,4,415,13.0
416,0,0.5,9.8,4,416,17.0
417,0,0.5,9.8,4,417,14.0
418,0,0.5,9.8,4,418,17.0
419,0,0.5,9.8,4,419,13.0
420,0,0.5,9.8,4,420,15.0
421,0,0.5,9.8,4,421,12.0
422,0,0.5,9.8,4,422,16.0
423,0,0.5,9.8,4,423,17.0
424,0,0.5,9.8,4,424,15.0
425,0,0.5,9.8,4,425,14.0
426,0,0.5,9.8,4,426,16.0
427,0,0.5,9.8,4,427,16.0
428,0,0.5,9.8,4,428,16.0
429,0,0.5,9.8,4,429,13.0
430,0,0.5,9.8,4,430,14.0
431,0,0.5,9.8,4,431,13.0
432,0,0.5,9.8,4,432,16.0
433,0,0.5,9.8,4,433,13.0
434,0,0.5,9.8,4,434,16.0
435,0,0.5,9.8,4,435,14.0
436,0,0.5,9.8,4,436,18.0
437,0,0.5,9.8,4,437,16.0
438,0,0.5,9.8,4,438,15.0
439,0,0.5,9.8,4,439,18.0
440,0,0.5,9.8,4,440,21.0
441,0,0.5,9.8,4,441,12.0
442,0,0.5,9.8,4,442,13.0
443,0,0.5,9.8,4,443,13.0
444,0,0.5,9.8,4,444,19.0
445,0,0.5,9.8,4,445,16.0
446,0,0.5,9.8,4,446,14.0
447,0,0.5,9.8,4,447,13.0
448,0,0.5,9.8,4,448,16.0
449,0,0.5,9.8,4,449,12.0
450,0,0.5,9.8,4,450,15.0
451,0,0.5,9.8,4,451,16.0
452,0,0.5,9.8,4,452,14.0
453,0,0.5,9.8,4,453,15.0
454,0,0.5,9.8,4,454,14.0
455,0,0.5,9.8,4,455,17.0
456,0,0.5,9.8,4,456,15.0
457,0,0.5,9.8,4,457,13.0
458,0,0.5,9.8,4,458,12.0
459,0,0.5,9.8,4,459,15.0
460,0,0.5,9.8,4,460,18.0
461,0,0.5,9.8,4,461,16.0
462,0,0.5,9.8,4,462,12.0
463,0,0.5,9.8,4,463,16.0
464,0,0.5,9.8,4,464,13.0
465,0,0.5,9.8,4,465,12.0
466,0,0.5,9.8,4,466,12.0
467,0,0.5,9.8,4,467,15.0
468,0,0.5,9.8,4,468,15.0
469,0,0.5,9.8,4,469,17.0
470,0,0.5,9.8,4,470,14.0
471,0,0.5,9.8,4,471,15.0
472,0,0.5,9.8,4,472,18.0
473,0,0.5,9.8,4,473,17.0
474,0,0.5,9.8,4,474,15.0
475,0,0.5,9.8,4,475,16.0
476,0,0.5,9.8,4,476,18.0
477,0,0.5,9.8,4,477,15.0
478,0,0.5,9.8,4,478,19.0
479,0,0.5,9.8,4,479,15.0
480,0,0.5,9.8,4,480,13.0
481,0,0.5,9.8,4,481,13.0
482,0,0.5,9.8,4,482,16.0
483,0,0.5,9.8,4,483,14.0
484,0,0.5,9.8,4,484,19.0
485,0,0.5,9.8,4,485,14.0
486,0,0.5,9.8,4,486,12.0
487,0,0.5,9.8,4,487,16.0
488,0,0.5,9.8,4,488,15.0
489,0,0.5,9.8,4,489,15.0
490,0,0.5,9.8,4,490,14.0
491,0,0.5,9.8,4,491,18.0
492,0,0.5,9.8,4,492,12.0
493,0,0.5,9.8,4,493,15.0
494,0,0.5,9.8,4,494,15.0
495,0,0.5,9.8,4,495,20.0
496,0,0.5,9.8,4,496,16.0
497,0,0.5,9.8,4,497,12.0
498,0,0.5,9.8,4,498,13.0
499,0,0.5,9.8,4,499,15.0
500,0,0.5,9.8,4,500,14.0
501,0,0.5,9.8,4,501,14.0
502,0,0.5,9.8,4,502,16.0
503,0,0.5,9.8,4,503,14.0
504,0,0.5,9.8,4,504,15.0
505,0,0.5,9.8,4,505,16.0
506,0,0.5,9.8,4,506,15.0
507,0,0.5,9.8,4,507,16.0
508,0,0.5,9.8,4,508,15.0
509,0,0.5,9.8,4,509,14.0
510,0,0.5,9.8,4,510,15.0
511,0,0.5,9.8,4,511,15.0
512,0,0.5,9.8,4,512,13.0
513,0,0.5,9.8,4,513,15.0
514,0,0.5,9.8,4,514,14.0
515,0,0.5,9.8,4,515,13.0
516,0,0.5,9.8,4,516,12.0
517,0,0.5,9.8,4,517,15.0
518,0,0.5,9.8,4,518,13.0
519,0,0.5,9.8,4,519,13.0
520,0,0.5,9.8,4,520,15.0
521,0,0.5,9.8,4,521,13.0
522,0,0.5,9.8,4,522,12.0
523,0,0.5,9.8,4,523,14.0
524,0,0.5,9.8,4,524,13.0
525,0,0.5,9.8,4,525,13.0
526,0,0.5,9.8,4,526,15.0
527,0,0.5,9.8,4,527,16.0
528,0,0.5,9.8,4,528,12.0
529,0,0.5,9.8,4,529,15.0
530,0,0.5,9.8,4,530,15.0
531,0,0.5,9.8,4,531,16.0
532,0,0.5,9.8,4,532,13.0
533,0,0.5,9.8,4,533,15.0
534,0,0.5,9.8,4,534,14.0
535,0,0.5,9.8,4,535,13.0
536,0,0.5,9.8,4,536,13.0
537,0,0.5,9.8,4,537,15.0
538,0,0.5,9.8,4,538,15.0
539,0,0.5,9.8,4,539,16.0
540,0,0.5,9.8,4,540,14.0
541,0,0.5,9.8,4,541,14.0
542,0,0.5,9.8,4,542,18.0
543,0,0.5,9.8,4,543,16.0
544,0,0.5,9.8,4,544,15.0
545,0,0.5,9.8,4,545,16.0
546,0,0.5,9.8,4,546,15.0
547,0,0.5,9.8,4,547,17.0
548,0,0.5,9.8,4,548,13.0
549,0,0.5,9.8,4,549,18.0
550,0,0.5,9.8,4,550,14.0
551,0,0.5,9.8,4,551,15.0
552,0,0.5,9.8,4,552,17.0
553,0,0.5,9.8,4,553,13.0
554,0,0.5,9.8,4,554,16.0
555,0,0.5,9.8,4,555,13.0
556,0,0.5,9.8,4,556,13.0
557,0,0.5,9.8,4,557,15.0
558,0,0.5,9.8,4,558,14.0
559,0,0.5,9.8,4,559,16.0
560,0,0.5,9.8,4,560,16.0
561,0,0.5,9.8,4,561,15.0
562,0,0.5,9.8,4,562,19.0
563,0,0.5,9.8,4,563,15.0
564,0,0.5,9.8,4,564,15.0
565,0,0.5,9.8,4,565,16.0
566,0,0.5,9.8,4,566,14.0
567,0,0.5,9.8,4,567,16.0
568,0,0.5,9.8,4,568,15.0
569,0,0.5,9.8,4,569,15.0
570,0,0.5,9.8,4,570,16.0
571,0,0.5,9.8,4,571,15.0
572,0,0.5,9.8,4,572,13.0
573,0,0.5,9.8,4,573,12.0
574,0,0.5,9.8,4,574,14.0
575,0,0.5,9.8,4,575,13.0
576,0,0.5,9.8,4,576,16.0
577,0,0.5,9.8,4,577,13.0
578,0,0.5,9.8,4,578,14.0
579,0,0.5,9.8,4,579,15.0
580,0,0.5,9.8,4,580,12.0
581,0,0.5,9.8,4,581,15.0
582,0,0.5,9.8,4,582,15.0
583,0,0.5,9.8,4,583,16.0
584,0,0.5,9.8,4,584,14.0
585,0,0.5,9.8,4,585,14.0
586,0,0.5,9.8,4,586,12.0
587,0,0.5,9.8,4,587,14.0
588,0,0.5,9.8,4,588,13.0
589,0,0.5,9.8,4,589,16.0
590,0,0.5,9.8,4,590,13.0
591,0,0.5,9.8,4,591,14.0
592,0,0.5,9.8,4,592,15.0
593,0,0.5,9.8,4,593,14.0
594,0,0.5,9.8,4,594,17.0
595,0,0.5,9.8,4,595,15.0
596,0,0.5,9.8,4,596,14.0
597,0,0.5,9.8,4,597,15.0
598,0,0.5,9.8,4,598,15.0
599,0,0.5,9.8,4,599,14.0
600,0,0.5,9.8,4,600,15.0
601,0,0.5,9.8,4,601,12.0
602,0,0.5,9.8,4,602,14.0
603,0,0.5,9.8,4,603,14.0
604,0,0.5,9.8,4,604,15.0
605,0,0.5,9.8,4,605,16.0
606,0,0.5,9.8,4,606,13.0
607,0,0.5,9.8,4,607,15.0
608,0,0.5,9.8,4,608,14.0
609,0,0.5,9.8,4,609,14.0
610,0,0.5,9.8,4,610,14.0
611,0,0.5,9.8,4,611,16.0
612,0,0.5,9.8,4,612,14.0
613,0,0.5,9.8,4,613,15.0
614,0,0.5,9.8,4,614,14.0
615,0,0.5,9.8,4,615,15.0
616,0,0.5,9.8,4,616,13.0
617,0,0.5,9.8,4,617,16.0
618,0,0.5,9.8,4,618,14.0
619,0,0.5,9.8,4,619,16.0
620,0,0.5,9.8,4,620,15.0
621,0,0.5,9.8,4,621,13.0
622,0,0.5,9.8,4,622,15.0
623,0,0.5,9.8,4,623,15.0
624,0,0.5,9.8,4,624,14.0
625,0,0.5,9.8,4,625,14.0
626,0,0.5,9.8,4,626,13.0
627,0,0.5,9.8,4,627,16.0
628,0,0.5,9.8,4,628,14.0
629,0,0.5,9.8,4,629,13.0
630,0,0.5,9.8,4,630,16.0
631,0,0.5,9.8,4,631,14.0
632,0,0.5,9.8,4,632,13.0
633,0,0.5,9.8,4,633,14.0
634,0,0.5,9.8,4,634,16.0
635,0,0.5,9.8,4,635,15.0
636,0,0.5,9.8,4,636,13.0
637,0,0.5,9.8,4,637,13.0
638,0,0.5,9.8,4,638,16.0
639,0,0.5,9.8,4,639,12.0
640,0,0.5,9.8,4,640,16.0
641,0,0.5,9.8,4,641,14.0
642,0,0.5,9.8,4,642,16.0
643,0,0.5,9.8,4,643,16.0
644,0,0.5,9.8,4,644,13.0
645,0,0.5,9.8,4,645,17.0
646,0,0.5,9.8,4,646,17.0
647,0,0.5,9.8,4,647,15.0
648,0,0.5,9.8,4,648,16.0
649,0,0.5,9.8,4,649,14.0
650,0,0.5,9.8,4,650,12.0
651,0,0.5,9.8,4,651,17.0
652,0,0.5,9.8,4,652,14.0
653,0,0.5,9.8,4,653,16.0
654,0,0.5,9.8,4,654,19.0
655,0,0.5,9.8,4,655,17.0
656,0,0.5,9.8,4,656,13.0
657,0,0.5,9.8,4,657,14.0
658,0,0.5,9.8,4,658,13.0
659,0,0.5,9.8,4,659,15.0
660,0,0.5,9.8,4,660,15.0
661,0,0.5,9.8,4,661,15.0
662,0,0.5,9.8,4,662,13.0
663,0,0.5,9.8,4,663,16.0
664,0,0.5,9.8,4,664,16.0
665,0,0.5,9.8,4,665,14.0
666,0,0.5,9.8,4,666,15.0
667,0,0.5,9.8,4,667,12.0
668,0,0.5,9.8,4,668,15.0
669,0,0.5,9.8,4,669,13.0
670,0,0.5,9.8,4,670,15.0
671,0,0.5,9.8,4,671,13.0
672,0,0.5,9.8,4,672,15.0
673,0,0.5,9.8,4,673,16.0
674,0,0.5,9.8,4,674,17.0
675,0,0.5,9.8,4,675,14.0
676,0,0.5,9.8,4,676,16.0
677,0,0.5,9.8,4,677,14.0
678,0,0.5,9.8,4,678,15.0
679,0,0.5,9.8,4,679,13.0
680,0,0.5,9.8,4,680,14.0
681,0,0.5,9.8,4,681,14.0
682,0,0.5,9.8,4,682,15.0
683,0,0.5,9.8,4,683,15.0
684,0,0.5,9.8,4,684,12.0
685,0,0.5,9.8,4,685,15.0
686,0,0.5,9.8,4,686,14.0
687,0,0.5,9.8,4,687,14.0
688,0,0.5,9.8,4,688,13.0
689,0,0.5,9.8,4,689,126.0
690,0,0.5,9.8,4,690,17.0
691,0,0.5,9.8,4,691,140.0
692,0,0.5,9.8,4,692,48.0
693,0,0.5,9.8,4,693,15.0
694,0,0.5,9.8,4,694,15.0
695,0,0.5,9.8,4,695,14.0
696,0,0.5,9.8,4,696,13.0
697,0,0.5,9.8,4,697,15.0
698,0,0.5,9.8,4,698,15.0
699,0,0.5,9.8,4,699,14.0
700,0,0.5,9.8,4,700,13.0
701,0,0.5,9.8,4,701,15.0
702,0,0.5,9.8,4,702,12.0
703,0,0.5,9.8,4,703,14.0
704,0,0.5,9.8,4,704,12.0
705,0,0.5,9.8,4,705,14.0
706,0,0.5,9.8,4,706,15.0
707,0,0.5,9.8,4,707,14.0
708,0,0.5,9.8,4,708,13.0
709,0,0.5,9.8,4,709,15.0
710,0,0.5,9.8,4,710,16.0
711,0,0.5,9.8,4,711,12.0
712,0,0.5,9.8,4,712,17.0
713,0,0.5,9.8,4,713,16.0
714,0,0.5,9.8,4,714,15.0
715,0,0.5,9.8,4,715,16.0
716,0,0.5,9.8,4,716,13.0
717,0,0.5,9.8,4,717,13.0
718,0,0.5,9.8,4,718,16.0
719,0,0.5,9.8,4,719,13.0
720,0,0.5,9.8,4,720,11.0
721,0,0.5,9.8,4,721,15.0
722,0,0.5,9.8,4,722,20.0
723,0,0.5,9.8,4,723,13.0
724,0,0.5,9.8,4,724,17.0
725,0,0.5,9.8,4,725,16.0
726,0,0.5,9.8,4,726,15.0
727,0,0.5,9.8,4,727,16.0
728,0,0.5,9.8,4,728,14.0
729,0,0.5,9.8,4,729,16.0
730,0,0.5,9.8,4,730,13.0
731,0,0.5,9.8,4,731,14.0
732,0,0.5,9.8,4,732,14.0
733,0,0.5,9.8,4,733,13.0
734,0,0.5,9.8,4,734,16.0
735,0,0.5,9.8,4,735,14.0
736,0,0.5,9.8,4,736,24.0
737,0,0.5,9.8,4,737,14.0
738,0,0.5,9.8,4,738,13.0
739,0,0.5,9.8,4,739,12.0
740,0,0.5,9.8,4,740,13.0
741,0,0.5,9.8,4,741,14.0
742,0,0.5,9.8,4,742,13.0
743,0,0.5,9.8,4,743,12.0
744,0,0.5,9.8,4,744,16.0
745,0,0.5,9.8,4,745,16.0
746,0,0.5,9.8,4,746,13.0
747,0,0.5,9.8,4,747,14.0
748,0,0.5,9.8,4,748,16.0
749,0,0.5,9.8,4,749,17.0
750,0,0.5,9.8,4,750,14.0
751,0,0.5,9.8,4,751,13.0
752,0,0.5,9.8,4,752,16.0
753,0,0.5,9.8,4,753,14.0
754,0,0.5,9.8,4,754,14.0
755,0,0.5,9.8,4,755,18.0
756,0,0.5,9.8,4,756,15.0
757,0,0.5,9.8,4,757,13.0
758,0,0.5,9.8,4,758,16.0
759,0,0.5,9.8,4,759,15.0
760,0,0.5,9.8,4,760,15.0
761,0,0.5,9.8,4,761,16.0
762,0,0.5,9.8,4,762,12.0
763,0,0.5,9.8,4,763,15.0
764,0,0.5,9.8,4,764,13.0
765,0,0.5,9.8,4,765,12.0
766,0,0.5,9.8,4,766,15.0
767,0,0.5,9.8,4,767,16.0
768,0,0.5,9.8,4,768,14.0
769,0,0.5,9.8,4,769,31.0
770,0,0.5,9.8,4,770,14.0
771,0,0.5,9.8,4,771,14.0
772,0,0.5,9.8,4,772,13.0
773,0,0.5,9.8,4,773,16.0
774,0,0.5,9.8,4,774,14.0
775,0,0.5,9.8,4,775,13.0
776,0,0.5,9.8,4,776,14.0
777,0,0.5,9.8,4,777,15.0
778,0,0.5,9.8,4,778,12.0
779,0,0.5,9.8,4,779,15.0
780,0,0.5,9.8,4,780,16.0
781,0,0.5,9.8,4,781,12.0
782,0,0.5,9.8,4,782,16.0
783,0,0.5,9.8,4,783,16.0
784,0,0.5,9.8,4,784,15.0
785,0,0.5,9.8,4,785,15.0
786,0,0.5,9.8,4,786,12.0
787,0,0.5,9.8,4,787,15.0
788,0,0.5,9.8,4,788,13.0
789,0,0.5,9.8,4,789,15.0
790,0,0.5,9.8,4,790,12.0
791,0,0.5,9.8,4,791,12.0
792,0,0.5,9.8,4,792,13.0
793,0,0.5,9.8,4,793,15.0
794,0,0.5,9.8,4,794,16.0
795,0,0.5,9.8,4,795,13.0
796,0,0.5,9.8,4,796,13.0
797,0,0.5,9.8,4,797,15.0
798,0,0.5,9.8,4,798,13.0
799,0,0.5,9.8,4,799,14.0
800,0,0.5,9.8,4,800,15.0
801,0,0.5,9.8,4,801,12.0
802,0,0.5,9.8,4,802,15.0
803,0,0.5,9.8,4,803,34.0
804,0,0.5,9.8,4,804,13.0
805,0,0.5,9.8,4,805,12.0
806,0,0.5,9.8,4,806,13.0
807,0,0.5,9.8,4,807,13.0
808,0,0.5,9.8,4,808,16.0
809,0,0.5,9.8,4,809,13.0
810,0,0.5,9.8,4,810,13.0
811,0,0.5,9.8,4,811,14.0
812,0,0.5,9.8,4,812,15.0
813,0,0.5,9.8,4,813,16.0
814,0,0.5,9.8,4,814,14.0
815,0,0.5,9.8,4,815,13.0
816,0,0.5,9.8,4,816,16.0
817,0,0.5,9.8,4,817,17.0
818,0,0.5,9.8,4,818,15.0
819,0,0.5,9.8,4,819,13.0
820,0,0.5,9.8,4,820,16.0
821,0,0.5,9.8,4,821,14.0
822,0,0.5,9.8,4,822,15.0
823,0,0.5,9.8,4,823,16.0
824,0,0.5,9.8,4,824,23.0
825,0,0.5,9.8,4,825,15.0
826,0,0.5,9.8,4,826,16.0
827,0,0.5,9.8,4,827,16.0
828,0,0.5,9.8,4,828,15.0
829,0,0.5,9.8,4,829,15.0
830,0,0.5,9.8,4,830,16.0
831,0,0.5,9.8,4,831,15.0
832,0,0.5,9.8,4,832,16.0
833,0,0.5,9.8,4,833,15.0
834,0,0.5,9.8,4,834,13.0
835,0,0.5,9.8,4,835,16.0
836,0,0.5,9.8,4,836,16.0
837,0,0.5,9.8,4,837,14.0
838,0,0.5,9.8,4,838,53.0
839,0,0.5,9.8,4,839,15.0
840,0,0.5,9.8,4,840,30.0
841,0,0.5,9.8,4,841,14.0
842,0,0.5,9.8,4,842,16.0
843,0,0.5,9.8,4,843,14.0
844,0,0.5,9.8,4,844,12.0
845,0,0.5,9.8,4,845,13.0
846,0,0.5,9.8,4,846,12.0
847,0,0.5,9.8,4,847,15.0
848,0,0.5,9.8,4,848,12.0
849,0,0.5,9.8,4,849,16.0
850,0,0.5,9.8,4,850,13.0
851,0,0.5,9.8,4,851,15.0
852,0,0.5,9.8,4,852,13.0
853,0,0.5,9.8,4,853,15.0
854,0,0.5,9.8,4,854,12.0
855,0,0.5,9.8,4,855,16.0
856,0,0.5,9.8,4,856,13.0
857,0,0.5,9.8,4,857,15.0
858,0,0.5,9.8,4,858,14.0
859,0,0.5,9.8,4,859,13.0
860,0,0.5,9.8,4,860,14.0
861,0,0.5,9.8,4,861,13.0
862,0,0.5,9.8,4,862,15.0
863,0,0.5,9.8,4,863,14.0
864,0,0.5,9.8,4,864,13.0
865,0,0.5,9.8,4,865,15.0
866,0,0.5,9.8,4,866,12.0
867,0,0.5,9.8,4,867,15.0
868,0,0.5,9.8,4,868,14.0
869,0,0.5,9.8,4,869,14.0
870,0,0.5,9.8,4,870,15.0
871,0,0.5,9.8,4,871,14.0
872,0,0.5,9.8,4,872,15.0
873,0,0.5,9.8,4,873,16.0
874,0,0.5,9.8,4,874,13.0
875,0,0.5,9.8,4,875,14.0
876,0,0.5,9.8,4,876,12.0
877,0,0.5,9.8,4,877,16.0
878,0,0.5,9.8,4,878,16.0
879,0,0.5,9.8,4,879,14.0
880,0,0.5,9.8,4,880,14.0
881,0,0.5,9.8,4,881,14.0
882,0,0.5,9.8,4,882,13.0
883,0,0.5,9.8,4,883,15.0
884,0,0.5,9.8,4,884,12.0
885,0,0.5,9.8,4,885,14.0
886,0,0.5,9.8,4,886,15.0
887,0,0.5,9.8,4,887,13.0
888,0,0.5,9.8,4,888,16.0
889,0,0.5,9.8,4,889,13.0
890,0,0.5,9.8,4,890,13.0
891,0,0.5,9.8,4,891,14.0
892,0,0.5,9.8,4,892,12.0
893,0,0.5,9.8,4,893,12.0
894,0,0.5,9.8,4,894,16.0
895,0,0.5,9.8,4,895,15.0
896,0,0.5,9.8,4,896,16.0
897,0,0.5,9.8,4,897,16.0
898,0,0.5,9.8,4,898,12.0
899,0,0.5,9.8,4,899,15.0
900,0,0.5,9.8,4,900,12.0
901,0,0.5,9.8,4,901,14.0
902,0,0.5,9.8,4,902,13.0
903,0,0.5,9.8,4,903,15.0
904,0,0.5,9.8,4,904,13.0
905,0,0.5,9.8,4,905,14.0
906,0,0.5,9.8,4,906,15.0
907,0,0.5,9.8,4,907,15.0
908,0,0.5,9.8,4,908,45.0
909,0,0.5,9.8,4,909,18.0
910,0,0.5,9.8,4,910,35.0
911,0,0.5,9.8,4,911,13.0
912,0,0.5,9.8,4,912,16.0
913,0,0.5,9.8,4,913,14.0
914,0,0.5,9.8,4,914,17.0
915,0,0.5,9.8,4,915,80.0
916,0,0.5,9.8,4,916,15.0
917,0,0.5,9.8,4,917,13.0
918,0,0.5,9.8,4,918,15.0
919,0,0.5,9.8,4,919,15.0
920,0,0.5,9.8,4,920,44.0
921,0,0.5,9.8,4,921,14.0
922,0,0.5,9.8,4,922,13.0
923,0,0.5,9.8,4,923,16.0
924,0,0.5,9.8,4,924,13.0
925,0,0.5,9.8,4,925,12.0
926,0,0.5,9.8,4,926,12.0
927,0,0.5,9.8,4,927,14.0
928,0,0.5,9.8,4,928,16.0
929,0,0.5,9.8,4,929,16.0
930,0,0.5,9.8,4,930,16.0
931,0,0.5,9.8,4,931,14.0
932,0,0.5,9.8,4,932,16.0
933,0,0.5,9.8,4,933,12.0
934,0,0.5,9.8,4,934,15.0
935,0,0.5,9.8,4,935,13.0
936,0,0.5,9.8,4,936,14.0
937,0,0.5,9.8,4,937,13.0
938,0,0.5,9.8,4,938,14.0
939,0,0.5,9.8,4,939,15.0
940,0,0.5,9.8,4,940,12.0
941,0,0.5,9.8,4,941,14.0
942,0,0.5,9.8,4,942,16.0
943,0,0.5,9.8,4,943,14.0
944,0,0.5,9.8,4,944,12.0
945,0,0.5,9.8,4,945,13.0
946,0,0.5,9.8,4,946,16.0
947,0,0.5,9.8,4,947,14.0
948,0,0.5,9.8,4,948,15.0
949,0,0.5,9.8,4,949,32.0
950,0,0.5,9.8,4,950,12.0
951,0,0.5,9.8,4,951,16.0
952,0,0.5,9.8,4,952,34.0
953,0,0.5,9.8,4,953,12.0
954,0,0.5,9.8,4,954,15.0
955,0,0.5,9.8,4,955,13.0
956,0,0.5,9.8,4,956,13.0
957,0,0.5,9.8,4,957,31.0
958,0,0.5,9.8,4,958,13.0
959,0,0.5,9.8,4,959,15.0
960,0,0.5,9.8,4,960,15.0
961,0,0.5,9.8,4,961,16.0
962,0,0.5,9.8,4,962,15.0
963,0,0.5,9.8,4,963,74.0
964,0,0.5,9.8,4,964,14.0
965,0,0.5,9.8,4,965,14.0
966,0,0.5,9.8,4,966,14.0
967,0,0.5,9.8,4,967,13.0
968,0,0.5,9.8,4,968,13.0
969,0,0.5,9.8,4,969,14.0
970,0,0.5,9.8,4,970,16.0
971,0,0.5,9.8,4,971,12.0
972,0,0.5,9.8,4,972,16.0
973,0,0.5,9.8,4,973,14.0
974,0,0.5,9.8,4,974,14.0
975,0,0.5,9.8,4,975,86.0
976,0,0.5,9.8,4,976,17.0
977,0,0.5,9.8,4,977,13.0
978,0,0.5,9.8,4,978,12.0
979,0,0.5,9.8,4,979,15.0
980,0,0.5,9.8,4,980,16.0
981,0,0.5,9.8,4,981,14.0
982,0,0.5,9.8,4,982,13.0
983,0,0.5,9.8,4,983,15.0
984,0,0.5,9.8,4,984,15.0
985,0,0.5,9.8,4,985,15.0
986,0,0.5,9.8,4,986,15.0
987,0,0.5,9.8,4,987,15.0
988,0,0.5,9.8,4,988,13.0
989,0,0.5,9.8,4,989,13.0
990,0,0.5,9.8,4,990,15.0
991,0,0.5,9.8,4,991,13.0
992,0,0.5,9.8,4,992,16.0
993,0,0.5,9.8,4,993,16.0
994,0,0.5,9.8,4,994,13.0
995,0,0.5,9.8,4,995,16.0
996,0,0.5,9.8,4,996,14.0
997,0,0.5,9.8,4,997,12.0
998,0,0.5,9.8,4,998,14.0
999,0,0.5,9.8,4,999,16.0
1000,0,0.5,9.8,4,1000,12.0
1001,0,0.5,9.8,4,1001,15.0
1002,0,0.5,9.8,4,1002,52.0
1003,0,0.5,9.8,4,1003,14.0
1004,0,0.5,9.8,4,1004,47.0
1005,0,0.5,9.8,4,1005,16.0
1006,0,0.5,9.8,4,1006,15.0
1007,0,0.5,9.8,4,1007,15.0
1008,0,0.5,9.8,4,1008,14.0
1009,0,0.5,9.8,4,1009,13.0
1010,0,0.5,9.8,4,1010,36.0
1011,0,0.5,9.8,4,1011,37.0
1012,0,0.5,9.8,4,1012,13.0
1013,0,0.5,9.8,4,1013,14.0
1014,0,0.5,9.8,4,1014,14.0
1015,0,0.5,9.8,4,1015,16.0
1016,0,0.5,9.8,4,1016,13.0
1017,0,0.5,9.8,4,1017,12.0
1018,0,0.5,9.8,4,1018,16.0
1019,0,0.5,9.8,4,1019,15.0
1020,0,0.5,9.8,4,1020,15.0
1021,0,0.5,9.8,4,1021,15.0
1022,0,0.5,9.8,4,1022,14.0
1023,0,0.5,9.8,4,1023,13.0
1024,0,0.5,9.8,4,1024,15.0
1025,0,0.5,9.8,4,1025,14.0
1026,0,0.5,9.8,4,1026,16.0
1027,0,0.5,9.8,4,1027,14.0
1028,0,0.5,9.8,4,1028,14.0
1029,0,0.5,9.8,4,1029,12.0
1030,0,0.5,9.8,4,1030,12.0
1031,0,0.5,9.8,4,1031,15.0
1032,0,0.5,9.8,4,1032,15.0
1033,0,0.5,9.8,4,1033,13.0
1034,0,0.5,9.8,4,1034,14.0
1035,0,0.5,9.8,4,1035,27.0
1036,0,0.5,9.8,4,1036,16.0
1037,0,0.5,9.8,4,1037,16.0
1038,0,0.5,9.8,4,1038,15.0
1039,0,0.5,9.8,4,1039,14.0
1040,0,0.5,9.8,4,1040,15.0
1041,0,0.5,9.8,4,1041,14.0
1042,0,0.5,9.8,4,1042,12.0
1043,0,0.5,9.8,4,1043,12.0
1044,0,0.5,9.8,4,1044,14.0
1045,0,0.5,9.8,4,1045,13.0
1046,0,0.5,9.8,4,1046,22.0
1047,0,0.5,9.8,4,1047,40.0
1048,0,0.5,9.8,4,1048,15.0
1049,0,0.5,9.8,4,1049,14.0
1050,0,0.5,9.8,4,1050,16.0
1051,0,0.5,9.8,4,1051,13.0
1052,0,0.5,9.8,4,1052,12.0
1053,0,0.5,9.8,4,1053,12.0
1054,0,0.5,9.8,4,1054,29.0
1055,0,0.5,9.8,4,1055,13.0
1056,0,0.5,9.8,4,1056,14.0
1057,0,0.5,9.8,4,1057,14.0
1058,0,0.5,9.8,4,1058,16.0
1059,0,0.5,9.8,4,1059,13.0
1060,0,0.5,9.8,4,1060,12.0
1061,0,0.5,9.8,4,1061,16.0
1062,0,0.5,9.8,4,1062,16.0
1063,0,0.5,9.8,4,1063,13.0
1064,0,0.5,9.8,4,1064,14.0
1065,0,0.5,9.8,4,1065,15.0
1066,0,0.5,9.8,4,1066,14.0
1067,0,0.5,9.8,4,1067,14.0
1068,0,0.5,9.8,4,1068,15.0
1069,0,0.5,9.8,4,1069,13.0
1070,0,0.5,9.8,4,1070,12.0
1071,0,0.5,9.8,4,1071,14.0
1072,0,0.5,9.8,4,1072,15.0
1073,0,0.5,9.8,4,1073,14.0
1074,0,0.5,9.8,4,1074,12.0
1075,0,0.5,9.8,4,1075,16.0
1076,0,0.5,9.8,4,1076,16.0
1077,0,0.5,9.8,4,1077,14.0
1078,0,0.5,9.8,4,1078,16.0
1079,0,0.5,9.8,4,1079,13.0
1080,0,0.5,9.8,4,1080,13.0
1081,0,0.5,9.8,4,1081,12.0
1082,0,0.5,9.8,4,1082,13.0
1083,0,0.5,9.8,4,1083,20.0
1084,0,0.5,9.8,4,1084,16.0
1085,0,0.5,9.8,4,1085,26.0
1086,0,0.5,9.8,4,1086,22.0
1087,0,0.5,9.8,4,1087,31.0
1088,0,0.5,9.8,4,1088,25.0
1089,0,0.5,9.8,4,1089,75.0
1090,0,0.5,9.8,4,1090,15.0
1091,0,0.5,9.8,4,1091,15.0
1092,0,0.5,9.8,4,1092,13.0
1093,0,0.5,9.8,4,1093,15.0
1094,0,0.5,9.8,4,1094,77.0
1095,0,0.5,9.8,4,1095,13.0
1096,0,0.5,9.8,4,1096,15.0
1097,0,0.5,9.8,4,1097,14.0
1098,0,0.5,9.8,4,1098,15.0
1099,0,0.5,9.8,4,1099,60.0
1100,0,0.5,9.8,4,1100,12.0
1101,0,0.5,9.8,4,1101,13.0
1102,0,0.5,9.8,4,1102,13.0
1103,0,0.5,9.8,4,1103,13.0
1104,0,0.5,9.8,4,1104,12.0
1105,0,0.5,9.8,4,1105,13.0
1106,0,0.5,9.8,4,1106,13.0
1107,0,0.5,9.8,4,1107,34.0
1108,0,0.5,9.8,4,1108,22.0
1109,0,0.5,9.8,4,1109,21.0
1110,0,0.5,9.8,4,1110,33.0
1111,0,0.5,9.8,4,1111,12.0
1112,0,0.5,9.8,4,1112,15.0
1113,0,0.5,9.8,4,1113,15.0
1114,0,0.5,9.8,4,1114,15.0
1115,0,0.5,9.8,4,1115,15.0
1116,0,0.5,9.8,4,1116,17.0
1117,0,0.5,9.8,4,1117,21.0
1118,0,0.5,9.8,4,1118,36.0
1119,0,0.5,9.8,4,1119,31.0
1120,0,0.5,9.8,4,1120,18.0
1121,0,0.5,9.8,4,1121,20.0
1122,0,0.5,9.8,4,1122,27.0
1123,0,0.5,9.8,4,1123,13.0
1124,0,0.5,9.8,4,1124,14.0
1125,0,0.5,9.8,4,1125,13.0
1126,0,0.5,9.8,4,1126,14.0
1127,0,0.5,9.8,4,1127,14.0
1128,0,0.5,9.8,4,1128,15.0
1129,0,0.5,9.8,4,1129,38.0
1130,0,0.5,9.8,4,1130,46.0
1131,0,0.5,9.8,4,1131,15.0
1132,0,0.5,9.8,4,1132,15.0
1133,0,0.5,9.8,4,1133,16.0
1134,0,0.5,9.8,4,1134,14.0
1135,0,0.5,9.8,4,1135,15.0
1136,0,0.5,9.8,4,1136,15.0
1137,0,0.5,9.8,4,1137,15.0
1138,0,0.5,9.8,4,1138,15.0
1139,0,0.5,9.8,4,1139,16.0
1140,0,0.5,9.8,4,1140,15.0
1141,0,0.5,9.8,4,1141,15.0
1142,0,0.5,9.8,4,1142,16.0
1143,0,0.5,9.8,4,1143,12.0
1144,0,0.5,9.8,4,1144,14.0
1145,0,0.5,9.8,4,1145,16.0
1146,0,0.5,9.8,4,1146,56.0
1147,0,0.5,9.8,4,1147,16.0
1148,0,0.5,9.8,4,1148,12.0
1149,0,0.5,9.8,4,1149,14.0
1150,0,0.5,9.8,4,1150,13.0
1151,0,0.5,9.8,4,1151,45.0
1152,0,0.5,9.8,4,1152,15.0
1153,0,0.5,9.8,4,1153,16.0
1154,0,0.5,9.8,4,1154,13.0
1155,0,0.5,9.8,4,1155,15.0
1156,0,0.5,9.8,4,1156,14.0
1157,0,0.5,9.8,4,1157,16.0
1158,0,0.5,9.8,4,1158,15.0
1159,0,0.5,9.8,4,1159,13.0
1160,0,0.5,9.8,4,1160,14.0
1161,0,0.5,9.8,4,1161,14.0
1162,0,0.5,9.8,4,1162,15.0
1163,0,0.5,9.8,4,1163,44.0
1164,0,0.5,9.8,4,1164,14.0
1165,0,0.5,9.8,4,1165,12.0
1166,0,0.5,9.8,4,1166,16.0
1167,0,0.5,9.8,4,1167,16.0
1168,0,0.5,9.8,4,1168,16.0
1169,0,0.5,9.8,4,1169,13.0
1170,0,0.5,9.8,4,1170,14.0
1171,0,0.5,9.8,4,1171,13.0
1172,0,0.5,9.8,4,1172,14.0
1173,0,0.5,9.8,4,1173,15.0
1174,0,0.5,9.8,4,1174,14.0
1175,0,0.5,9.8,4,1175,13.0
1176,0,0.5,9.8,4,1176,13.0
1177,0,0.5,9.8,4,1177,14.0
1178,0,0.5,9.8,4,1178,16.0
1179,0,0.5,9.8,4,1179,16.0
1180,0,0.5,9.8,4,1180,16.0
1181,0,0.5,9.8,4,1181,13.0
1182,0,0.5,9.8,4,1182,13.0
1183,0,0.5,9.8,4,1183,13.0
1184,0,0.5,9.8,4,1184,15.0
1185,0,0.5,9.8,4,1185,13.0
1186,0,0.5,9.8,4,1186,16.0
1187,0,0.5,9.8,4,1187,16.0
1188,0,0.5,9.8,4,1188,13.0
1189,0,0.5,9.8,4,1189,13.0
1190,0,0.5,9.8,4,1190,15.0
1191,0,0.5,9.8,4,1191,17.0
1192,0,0.5,9.8,4,1192,14.0
1193,0,0.5,9.8,4,1193,12.0
1194,0,0.5,9.8,4,1194,12.0
1195,0,0.5,9.8,4,1195,17.0
1196,0,0.5,9.8,4,1196,15.0
1197,0,0.5,9.8,4,1197,12.0
1198,0,0.5,9.8,4,1198,15.0
1199,0,0.5,9.8,4,1199,16.0
1200,0,0.5,9.8,4,1200,15.0
1201,0,0.5,9.8,4,1201,14.0
1202,0,0.5,9.8,4,1202,13.0
1203,0,0.5,9.8,4,1203,16.0
1204,0,0.5,9.8,4,1204,16.0
1205,0,0.5,9.8,4,1205,13.0
1206,0,0.5,9.8,4,1206,15.0
1207,0,0.5,9.8,4,1207,12.0
1208,0,0.5,9.8,4,1208,13.0
1209,0,0.5,9.8,4,1209,14.0
1210,0,0.5,9.8,4,1210,15.0
1211,0,0.5,9.8,4,1211,14.0
1212,0,0.5,9.8,4,1212,15.0
1213,0,0.5,9.8,4,1213,49.0
1214,0,0.5,9.8,4,1214,92.0
1215,0,0.5,9.8,4,1215,15.0
1216,0,0.5,9.8,4,1216,16.0
1217,0,0.5,9.8,4,1217,13.0
1218,0,0.5,9.8,4,1218,13.0
1219,0,0.5,9.8,4,1219,15.0
1220,0,0.5,9.8,4,1220,15.0
1221,0,0.5,9.8,4,1221,18.0
1222,0,0.5,9.8,4,1222,15.0
1223,0,0.5,9.8,4,1223,16.0
1224,0,0.5,9.8,4,1224,16.0
1225,0,0.5,9.8,4,1225,60.0
1226,0,0.5,9.8,4,1226,15.0
1227,0,0.5,9.8,4,1227,12.0
1228,0,0.5,9.8,4,1228,14.0
1229,0,0.5,9.8,4,1229,16.0
1230,0,0.5,9.8,4,1230,16.0
1231,0,0.5,9.8,4,1231,16.0
1232,0,0.5,9.8,4,1232,14.0
1233,0,0.5,9.8,4,1233,13.0
1234,0,0.5,9.8,4,1234,15.0
1235,0,0.5,9.8,4,1235,17.0
1236,0,0.5,9.8,4,1236,13.0
1237,0,0.5,9.8,4,1237,16.0
1238,0,0.5,9.8,4,1238,16.0
1239,0,0.5,9.8,4,1239,15.0
1240,0,0.5,9.8,4,1240,16.0
1241,0,0.5,9.8,4,1241,14.0
1242,0,0.5,9.8,4,1242,15.0
1243,0,0.5,9.8,4,1243,14.0
1244,0,0.5,9.8,4,1244,15.0
1245,0,0.5,9.8,4,1245,16.0
1246,0,0.5,9.8,4,1246,14.0
1247,0,0.5,9.8,4,1247,16.0
1248,0,0.5,9.8,4,1248,12.0
1249,0,0.5,9.8,4,1249,14.0
1250,0,0.5,9.8,4,1250,15.0
1251,0,0.5,9.8,4,1251,16.0
1252,0,0.5,9.8,4,1252,14.0
1253,0,0.5,9.8,4,1253,15.0
1254,0,0.5,9.8,4,1254,14.0
1255,0,0.5,9.8,4,1255,12.0
1256,0,0.5,9.8,4,1256,13.0
1257,0,0.5,9.8,4,1257,12.0
1258,0,0.5,9.8,4,1258,15.0
1259,0,0.5,9.8,4,1259,16.0
1260,0,0.5,9.8,4,1260,16.0
1261,0,0.5,9.8,4,1261,16.0
1262,0,0.5,9.8,4,1262,24.0
1263,0,0.5,9.8,4,1263,15.0
1264,0,0.5,9.8,4,1264,13.0
1265,0,0.5,9.8,4,1265,15.0
1266,0,0.5,9.8,4,1266,12.0
1267,0,0.5,9.8,4,1267,13.0
1268,0,0.5,9.8,4,1268,14.0
1269,0,0.5,9.8,4,1269,15.0
1270,0,0.5,9.8,4,1270,15.0
1271,0,0.5,9.8,4,1271,15.0
1272,0,0.5,9.8,4,1272,13.0
1273,0,0.5,9.8,4,1273,16.0
1274,0,0.5,9.8,4,1274,13.0
1275,0,0.5,9.8,4,1275,16.0
1276,0,0.5,9.8,4,1276,14.0
1277,0,0.5,9.8,4,1277,14.0
1278,0,0.5,9.8,4,1278,14.0
1279,0,0.5,9.8,4,1279,16.0
1280,0,0.5,9.8,4,1280,12.0
1281,0,0.5,9.8,4,1281,15.0
1282,0,0.5,9.8,4,1282,15.0
1283,0,0.5,9.8,4,1283,12.0
1284,0,0.5,9.8,4,1284,16.0
1285,0,0.5,9.8,4,1285,15.0
1286,0,0.5,9.8,4,1286,16.0
1287,0,0.5,9.8,4,1287,16.0
1288,0,0.5,9.8,4,1288,17.0
1289,0,0.5,9.8,4,1289,16.0
1290,0,0.5,9.8,4,1290,13.0
1291,0,0.5,9.8,4,1291,16.0
1292,0,0.5,9.8,4,1292,41.0
1293,0,0.5,9.8,4,1293,30.0
1294,0,0.5,9.8,4,1294,12.0
1295,0,0.5,9.8,4,1295,16.0
1296,0,0.5,9.8,4,1296,30.0
1297,0,0.5,9.8,4,1297,15.0
1298,0,0.5,9.8,4,1298,14.0
1299,0,0.5,9.8,4,1299,16.0
1300,0,0.5,9.8,4,1300,14.0
1301,0,0.5,9.8,4,1301,12.0
1302,0,0.5,9.8,4,1302,15.0
1303,0,0.5,9.8,4,1303,14.0
1304,0,0.5,9.8,4,1304,14.0
1305,0,0.5,9.8,4,1305,15.0
1306,0,0.5,9.8,4,1306,36.0
1307,0,0.5,9.8,4,1307,15.0
1308,0,0.5,9.8,4,1308,15.0
1309,0,0.5,9.8,4,1309,39.0
1310,0,0.5,9.8,4,1310,14.0
1311,0,0.5,9.8,4,1311,29.0
1312,0,0.5,9.8,4,1312,14.0
1313,0,0.5,9.8,4,1313,15.0
1314,0,0.5,9.8,4,1314,34.0
1315,0,0.5,9.8,4,1315,15.0
1316,0,0.5,9.8,4,1316,15.0
1317,0,0.5,9.8,4,1317,16.0
1318,0,0.5,9.8,4,1318,12.0
1319,0,0.5,9.8,4,1319,15.0
1320,0,0.5,9.8,4,1320,14.0
1321,0,0.5,9.8,4,1321,35.0
1322,0,0.5,9.8,4,1322,38.0
1323,0,0.5,9.8,4,1323,13.0
1324,0,0.5,9.8,4,1324,16.0
1325,0,0.5,9.8,4,1325,13.0
1326,0,0.5,9.8,4,1326,14.0
1327,0,0.5,9.8,4,1327,14.0
1328,0,0.5,9.8,4,1328,16.0
1329,0,0.5,9.8,4,1329,15.0
1330,0,0.5,9.8,4,1330,15.0
1331,0,0.5,9.8,4,1331,43.0
1332,0,0.5,9.8,4,1332,45.0
1333,0,0.5,9.8,4,1333,33.0
1334,0,0.5,9.8,4,1334,13.0
1335,0,0.5,9.8,4,1335,12.0
1336,0,0.5,9.8,4,1336,14.0
1337,0,0.5,9.8,4,1337,13.0
1338,0,0.5,9.8,4,1338,39.0
1339,0,0.5,9.8,4,1339,29.0
1340,0,0.5,9.8,4,1340,13.0
1341,0,0.5,9.8,4,1341,17.0
1342,0,0.5,9.8,4,1342,40.0
1343,0,0.5,9.8,4,1343,33.0
1344,0,0.5,9.8,4,1344,14.0
1345,0,0.5,9.8,4,1345,14.0
1346,0,0.5,9.8,4,1346,16.0
1347,0,0.5,9.8,4,1347,15.0
1348,0,0.5,9.8,4,1348,35.0
1349,0,0.5,9.8,4,1349,33.0
1350,0,0.5,9.8,4,1350,13.0
1351,0,0.5,9.8,4,1351,16.0
1352,0,0.5,9.8,4,1352,14.0
1353,0,0.5,9.8,4,1353,16.0
1354,0,0.5,9.8,4,1354,15.0
1355,0,0.5,9.8,4,1355,13.0
1356,0,0.5,9.8,4,1356,12.0
1357,0,0.5,9.8,4,1357,14.0
1358,0,0.5,9.8,4,1358,14.0
1359,0,0.5,9.8,4,1359,12.0
1360,0,0.5,9.8,4,1360,16.0
1361,0,0.5,9.8,4,1361,15.0
1362,0,0.5,9.8,4,1362,12.0
1363,0,0.5,9.8,4,1363,12.0
1364,0,0.5,9.8,4,1364,13.0
1365,0,0.5,9.8,4,1365,36.0
1366,0,0.5,9.8,4,1366,29.0
1367,0,0.5,9.8,4,1367,30.0
1368,0,0.5,9.8,4,1368,14.0
1369,0,0.5,9.8,4,1369,40.0
1370,0,0.5,9.8,4,1370,12.0
1371,0,0.5,9.8,4,1371,13.0
1372,0,0.5,9.8,4,1372,46.0
1373,0,0.5,9.8,4,1373,14.0
1374,0,0.5,9.8,4,1374,14.0
1375,0,0.5,9.8,4,1375,15.0
1376,0,0.5,9.8,4,1376,13.0
1377,0,0.5,9.8,4,1377,13.0
1378,0,0.5,9.8,4,1378,15.0
1379,0,0.5,9.8,4,1379,13.0
1380,0,0.5,9.8,4,1380,48.0
1381,0,0.5,9.8,4,1381,36.0
1382,0,0.5,9.8,4,1382,15.0
1383,0,0.5,9.8,4,1383,35.0
1384,0,0.5,9.8,4,1384,14.0
1385,0,0.5,9.8,4,1385,38.0
1386,0,0.5,9.8,4,1386,41.0
1387,0,0.5,9.8,4,1387,39.0
1388,0,0.5,9.8,4,1388,27.0
1389,0,0.5,9.8,4,1389,15.0
1390,0,0.5,9.8,4,1390,15.0
1391,0,0.5,9.8,4,1391,81.0
1392,0,0.5,9.8,4,1392,16.0
1393,0,0.5,9.8,4,1393,12.0
1394,0,0.5,9.8,4,1394,14.0
1395,0,0.5,9.8,4,1395,16.0
1396,0,0.5,9.8,4,1396,13.0
1397,0,0.5,9.8,4,1397,13.0
1398,0,0.5,9.8,4,1398,12.0
1399,0,0.5,9.8,4,1399,15.0
1400,0,0.5,9.8,4,1400,17.0
1401,0,0.5,9.8,4,1401,15.0
1402,0,0.5,9.8,4,1402,15.0
1403,0,0.5,9.8,4,1403,14.0
1404,0,0.5,9.8,4,1404,15.0
1405,0,0.5,9.8,4,1405,15.0
1406,0,0.5,9.8,4,1406,14.0
1407,0,0.5,9.8,4,1407,14.0
1408,0,0.5,9.8,4,1408,15.0
1409,0,0.5,9.8,4,1409,14.0
1410,0,0.5,9.8,4,1410,12.0
1411,0,0.5,9.8,4,1411,15.0
1412,0,0.5,9.8,4,1412,16.0
1413,0,0.5,9.8,4,1413,15.0
1414,0,0.5,9.8,4,1414,13.0
1415,0,0.5,9.8,4,1415,13.0
1416,0,0.5,9.8,4,1416,16.0
1417,0,0.5,9.8,4,1417,17.0
1418,0,0.5,9.8,4,1418,12.0
1419,0,0.5,9.8,4,1419,12.0
1420,0,0.5,9.8,4,1420,16.0
1421,0,0.5,9.8,4,1421,16.0
1422,0,0.5,9.8,4,1422,16.0
1423,0,0.5,9.8,4,1423,16.0
1424,0,0.5,9.8,4,1424,14.0
1425,0,0.5,9.8,4,1425,13.0
1426,0,0.5,9.8,4,1426,15.0
1427,0,0.5,9.8,4,1427,13.0
1428,0,0.5,9.8,4,1428,12.0
1429,0,0.5,9.8,4,1429,17.0
1430,0,0.5,9.8,4,1430,15.0
1431,0,0.5,9.8,4,1431,18.0
1432,0,0.5,9.8,4,1432,39.0
1433,0,0.5,9.8,4,1433,16.0
1434,0,0.5,9.8,4,1434,45.0
1435,0,0.5,9.8,4,1435,27.0
1436,0,0.5,9.8,4,1436,15.0
1437,0,0.5,9.8,4,1437,15.0
1438,0,0.5,9.8,4,1438,15.0
1439,0,0.5,9.8,4,1439,12.0
1440,0,0.5,9.8,4,1440,14.0
1441,0,0.5,9.8,4,1441,42.0
1442,0,0.5,9.8,4,1442,21.0
1443,0,0.5,9.8,4,1443,47.0
1444,0,0.5,9.8,4,1444,16.0
1445,0,0.5,9.8,4,1445,13.0
1446,0,0.5,9.8,4,1446,15.0
1447,0,0.5,9.8,4,1447,15.0
1448,0,0.5,9.8,4,1448,15.0
1449,0,0.5,9.8,4,1449,31.0
1450,0,0.5,9.8,4,1450,58.0
1451,0,0.5,9.8,4,1451,14.0
1452,0,0.5,9.8,4,1452,14.0
1453,0,0.5,9.8,4,1453,13.0
1454,0,0.5,9.8,4,1454,13.0
1455,0,0.5,9.8,4,1455,14.0
1456,0,0.5,9.8,4,1456,14.0
1457,0,0.5,9.8,4,1457,13.0
1458,0,0.5,9.8,4,1458,13.0
1459,0,0.5,9.8,4,1459,14.0
1460,0,0.5,9.8,4,1460,12.0
1461,0,0.5,9.8,4,1461,13.0
1462,0,0.5,9.8,4,1462,15.0
1463,0,0.5,9.8,4,1463,14.0
1464,0,0.5,9.8,4,1464,14.0
1465,0,0.5,9.8,4,1465,13.0
1466,0,0.5,9.8,4,1466,14.0
1467,0,0.5,9.8,4,1467,14.0
1468,0,0.5,9.8,4,1468,12.0
1469,0,0.5,9.8,4,1469,13.0
1470,0,0.5,9.8,4,1470,14.0
1471,0,0.5,9.8,4,1471,13.0
1472,0,0.5,9.8,4,1472,16.0
1473,0,0.5,9.8,4,1473,15.0
1474,0,0.5,9.8,4,1474,13.0
1475,0,0.5,9.8,4,1475,15.0
1476,0,0.5,9.8,4,1476,15.0
1477,0,0.5,9.8,4,1477,14.0
1478,0,0.5,9.8,4,1478,15.0
1479,0,0.5,9.8,4,1479,14.0
1480,0,0.5,9.8,4,1480,13.0
1481,0,0.5,9.8,4,1481,17.0
1482,0,0.5,9.8,4,1482,13.0
1483,0,0.5,9.8,4,1483,13.0
1484,0,0.5,9.8,4,1484,14.0
1485,0,0.5,9.8,4,1485,14.0
1486,0,0.5,9.8,4,1486,15.0
1487,0,0.5,9.8,4,1487,15.0
1488,0,0.5,9.8,4,1488,16.0
1489,0,0.5,9.8,4,1489,15.0
1490,0,0.5,9.8,4,1490,17.0
1491,0,0.5,9.8,4,1491,13.0
1492,0,0.5,9.8,4,1492,12.0
1493,0,0.5,9.8,4,1493,16.0
1494,0,0.5,9.8,4,1494,67.0
1495,0,0.5,9.8,4,1495,13.0
1496,0,0.5,9.8,4,1496,13.0
1497,0,0.5,9.8,4,1497,13.0
1498,0,0.5,9.8,4,1498,13.0
1499,0,0.5,9.8,4,1499,15.0
1500,0,0.5,9.8,4,1500,15.0
1501,0,0.5,9.8,4,1501,14.0
1502,0,0.5,9.8,4,1502,14.0
1503,0,0.5,9.8,4,1503,13.0
1504,0,0.5,9.8,4,1504,14.0
1505,0,0.5,9.8,4,1505,15.0
1506,0,0.5,9.8,4,1506,15.0
1507,0,0.5,9.8,4,1507,14.0
1508,0,0.5,9.8,4,1508,17.0
1509,0,0.5,9.8,4,1509,14.0
1510,0,0.5,9.8,4,1510,16.0
1511,0,0.5,9.8,4,1511,14.0
1512,0,0.5,9.8,4,1512,12.0
1513,0,0.5,9.8,4,1513,13.0
1514,0,0.5,9.8,4,1514,15.0
1515,0,0.5,9.8,4,1515,13.0
1516,0,0.5,9.8,4,1516,14.0
1517,0,0.5,9.8,4,1517,13.0
1518,0,0.5,9.8,4,1518,12.0
1519,0,0.5,9.8,4,1519,16.0
1520,0,0.5,9.8,4,1520,12.0
1521,0,0.5,9.8,4,1521,14.0
1522,0,0.5,9.8,4,1522,14.0
1523,0,0.5,9.8,4,1523,16.0
1524,0,0.5,9.8,4,1524,12.0
1525,0,0.5,9.8,4,1525,12.0
1526,0,0.5,9.8,4,1526,14.0
1527,0,0.5,9.8,4,1527,15.0
1528,0,0.5,9.8,4,1528,14.0
1529,0,0.5,9.8,4,1529,16.0
1530,0,0.5,9.8,4,1530,13.0
1531,0,0.5,9.8,4,1531,15.0
1532,0,0.5,9.8,4,1532,14.0
1533,0,0.5,9.8,4,1533,13.0
1534,0,0.5,9.8,4,1534,13.0
1535,0,0.5,9.8,4,1535,12.0
1536,0,0.5,9.8,4,1536,13.0
1537,0,0.5,9.8,4,1537,14.0
1538,0,0.5,9.8,4,1538,14.0
1539,0,0.5,9.8,4,1539,14.0
1540,0,0.5,9.8,4,1540,14.0
1541,0,0.5,9.8,4,1541,14.0
1542,0,0.5,9.8,4,1542,13.0
1543,0,0.5,9.8,4,1543,15.0
1544,0,0.5,9.8,4,1544,15.0
1545,0,0.5,9.8,4,1545,16.0
1546,0,0.5,9.8,4,1546,12.0
1547,0,0.5,9.8,4,1547,15.0
1548,0,0.5,9.8,4,1548,13.0
1549,0,0.5,9.8,4,1549,15.0
1550,0,0.5,9.8,4,1550,13.0
1551,0,0.5,9.8,4,1551,15.0
1552,0,0.5,9.8,4,1552,15.0
1553,0,0.5,9.8,4,1553,16.0
1554,0,0.5,9.8,4,1554,13.0
1555,0,0.5,9.8,4,1555,14.0
1556,0,0.5,9.8,4,1556,13.0
1557,0,0.5,9.8,4,1557,15.0
1558,0,0.5,9.8,4,1558,14.0
1559,0,0.5,9.8,4,1559,16.0
1560,0,0.5,9.8,4,1560,13.0
1561,0,0.5,9.8,4,1561,12.0
1562,0,0.5,9.8,4,1562,14.0
1563,0,0.5,9.8,4,1563,12.0
1564,0,0.5,9.8,4,1564,15.0
1565,0,0.5,9.8,4,1565,14.0
1566,0,0.5,9.8,4,1566,14.0
1567,0,0.5,9.8,4,1567,13.0
1568,0,0.5,9.8,4,1568,13.0
1569,0,0.5,9.8,4,1569,16.0
1570,0,0.5,9.8,4,1570,12.0
1571,0,0.5,9.8,4,1571,12.0
1572,0,0.5,9.8,4,1572,12.0
1573,0,0.5,9.8,4,1573,15.0
1574,0,0.5,9.8,4,1574,16.0
1575,0,0.5,9.8,4,1575,14.0
1576,0,0.5,9.8,4,1576,14.0
1577,0,0.5,9.8,4,1577,12.0
1578,0,0.5,9.8,4,1578,12.0
1579,0,0.5,9.8,4,1579,13.0
1580,0,0.5,9.8,4,1580,16.0
1581,0,0.5,9.8,4,1581,14.0
1582,0,0.5,9.8,4,1582,13.0
1583,0,0.5,9.8,4,1583,14.0
1584,0,0.5,9.8,4,1584,15.0
1585,0,0.5,9.8,4,1585,13.0
1586,0,0.5,9.8,4,1586,12.0
1587,0,0.5,9.8,4,1587,14.0
1588,0,0.5,9.8,4,1588,14.0
1589,0,0.5,9.8,4,1589,12.0
1590,0,0.5,9.8,4,1590,12.0
1591,0,0.5,9.8,4,1591,12.0
1592,0,0.5,9.8,4,1592,12.0
1593,0,0.5,9.8,4,1593,14.0
1594,0,0.5,9.8,4,1594,13.0
1595,0,0.5,9.8,4,1595,15.0
1596,0,0.5,9.8,4,1596,15.0
1597,0,0.5,9.8,4,1597,13.0
1598,0,0.5,9.8,4,1598,13.0
1599,0,0.5,9.8,4,1599,13.0
1600,0,0.5,9.8,4,1600,17.0
1601,0,0.5,9.8,4,1601,14.0
1602,0,0.5,9.8,4,1602,16.0
1603,0,0.5,9.8,4,1603,12.0
1604,0,0.5,9.8,4,1604,15.0
1605,0,0.5,9.8,4,1605,17.0
1606,0,0.5,9.8,4,1606,13.0
1607,0,0.5,9.8,4,1607,14.0
1608,0,0.5,9.8,4,1608,15.0
1609,0,0.5,9.8,4,1609,16.0
1610,0,0.5,9.8,4,1610,11.0
1611,0,0.5,9.8,4,1611,16.0
1612,0,0.5,9.8,4,1612,14.0
1613,0,0.5,9.8,4,1613,12.0
1614,0,0.5,9.8,4,1614,14.0
1615,0,0.5,9.8,4,1615,15.0
1616,0,0.5,9.8,4,1616,12.0
1617,0,0.5,9.8,4,1617,16.0
1618,0,0.5,9.8,4,1618,13.0
1619,0,0.5,9.8,4,1619,16.0
1620,0,0.5,9.8,4,1620,15.0
1621,0,0.5,9.8,4,1621,15.0
1622,0,0.5,9.8,4,1622,16.0
1623,0,0.5,9.8,4,1623,14.0
1624,0,0.5,9.8,4,1624,14.0
1625,0,0.5,9.8,4,1625,14.0
1626,0,0.5,9.8,4,1626,14.0
1627,0,0.5,9.8,4,1627,15.0
1628,0,0.5,9.8,4,1628,12.0
1629,0,0.5,9.8,4,1629,13.0
1630,0,0.5,9.8,4,1630,12.0
1631,0,0.5,9.8,4,1631,12.0
1632,0,0.5,9.8,4,1632,15.0
1633,0,0.5,9.8,4,1633,17.0
1634,0,0.5,9.8,4,1634,12.0
1635,0,0.5,9.8,4,1635,15.0
1636,0,0.5,9.8,4,1636,37.0
1637,0,0.5,9.8,4,1637,15.0
1638,0,0.5,9.8,4,1638,22.0
1639,0,0.5,9.8,4,1639,14.0
1640,0,0.5,9.8,4,1640,13.0
1641,0,0.5,9.8,4,1641,79.0
1642,0,0.5,9.8,4,1642,20.0
1643,0,0.5,9.8,4,1643,13.0
1644,0,0.5,9.8,4,1644,18.0
1645,0,0.5,9.8,4,1645,26.0
1646,0,0.5,9.8,4,1646,71.0
1647,0,0.5,9.8,4,1647,15.0
1648,0,0.5,9.8,4,1648,14.0
1649,0,0.5,9.8,4,1649,15.0
1650,0,0.5,9.8,4,1650,86.0
1651,0,0.5,9.8,4,1651,15.0
1652,0,0.5,9.8,4,1652,16.0
1653,0,0.5,9.8,4,1653,13.0
1654,0,0.5,9.8,4,1654,12.0
1655,0,0.5,9.8,4,1655,12.0
1656,0,0.5,9.8,4,1656,13.0
1657,0,0.5,9.8,4,1657,51.0
1658,0,0.5,9.8,4,1658,15.0
1659,0,0.5,9.8,4,1659,14.0
1660,0,0.5,9.8,4,1660,18.0
1661,0,0.5,9.8,4,1661,15.0
1662,0,0.5,9.8,4,1662,18.0
1663,0,0.5,9.8,4,1663,19.0
1664,0,0.5,9.8,4,1664,17.0
1665,0,0.5,9.8,4,1665,46.0
1666,0,0.5,9.8,4,1666,17.0
1667,0,0.5,9.8,4,1667,40.0
1668,0,0.5,9.8,4,1668,15.0
1669,0,0.5,9.8,4,1669,15.0
1670,0,0.5,9.8,4,1670,133.0
1671,0,0.5,9.8,4,1671,174.0
1672,0,0.5,9.8,4,1672,23.0
1673,0,0.5,9.8,4,1673,50.0
1674,0,0.5,9.8,4,1674,17.0
1675,0,0.5,9.8,4,1675,15.0
1676,0,0.5,9.8,4,1676,17.0
1677,0,0.5,9.8,4,1677,55.0
1678,0,0.5,9.8,4,1678,39.0
1679,0,0.5,9.8,4,1679,18.0
1680,0,0.5,9.8,4,1680,44.0
1681,0,0.5,9.8,4,1681,18.0
1682,0,0.5,9.8,4,1682,15.0
1683,0,0.5,9.8,4,1683,48.0
1684,0,0.5,9.8,4,1684,47.0
1685,0,0.5,9.8,4,1685,17.0
1686,0,0.5,9.8,4,1686,21.0
1687,0,0.5,9.8,4,1687,22.0
1688,0,0.5,9.8,4,1688,19.0
1689,0,0.5,9.8,4,1689,22.0
1690,0,0.5,9.8,4,1690,124.0
1691,0,0.5,9.8,4,1691,17.0
1692,0,0.5,9.8,4,1692,13.0
1693,0,0.5,9.8,4,1693,19.0
1694,0,0.5,9.8,4,1694,58.0
1695,0,0.5,9.8,4,1695,47.0
1696,0,0.5,9.8,4,1696,19.0
1697,0,0.5,9.8,4,1697,16.0
1698,0,0.5,9.8,4,1698,18.0
1699,0,0.5,9.8,4,1699,144.0
1700,0,0.5,9.8,4,1700,217.0
1701,0,0.5,9.8,4,1701,175.0
1702,0,0.5,9.8,4,1702,134.0
1703,0,0.5,9.8,4,1703,330.0
1704,0,0.5,9.8,4,1704,142.0
1705,0,0.5,9.8,4,1705,83.0
1706,0,0.5,9.8,4,1706,144.0
1707,0,0.5,9.8,4,1707,334.0
1708,0,0.5,9.8,4,1708,227.0
1709,0,0.5,9.8,4,1709,192.0
1710,0,0.5,9.8,4,1710,165.0
1711,0,0.5,9.8,4,1711,188.0
1712,0,0.5,9.8,4,1712,142.0
1713,0,0.5,9.8,4,1713,159.0
1714,0,0.5,9.8,4,1714,152.0
1715,0,0.5,9.8,4,1715,143.0
1716,0,0.5,9.8,4,1716,157.0
1717,0,0.5,9.8,4,1717,21.0
1718,0,0.5,9.8,4,1718,19.0
1719,0,0.5,9.8,4,1719,118.0
1720,0,0.5,9.8,4,1720,173.0
1721,0,0.5,9.8,4,1721,119.0
1722,0,0.5,9.8,4,1722,150.0
1723,0,0.5,9.8,4,1723,139.0
1724,0,0.5,9.8,4,1724,151.0
1725,0,0.5,9.8,4,1725,156.0
1726,0,0.5,9.8,4,1726,115.0
1727,0,0.5,9.8,4,1727,173.0
1728,0,0.5,9.8,4,1728,137.0
1729,0,0.5,9.8,4,1729,131.0
1730,0,0.5,9.8,4,1730,133.0
1731,0,0.5,9.8,4,1731,126.0
1732,0,0.5,9.8,4,1732,161.0
1733,0,0.5,9.8,4,1733,118.0
1734,0,0.5,9.8,4,1734,208.0
1735,0,0.5,9.8,4,1735,177.0
1736,0,0.5,9.8,4,1736,146.0
1737,0,0.5,9.8,4,1737,175.0
1738,0,0.5,9.8,4,1738,159.0
1739,0,0.5,9.8,4,1739,170.0
1740,0,0.5,9.8,4,1740,134.0
1741,0,0.5,9.8,4,1741,146.0
1742,0,0.5,9.8,4,1742,146.0
1743,0,0.5,9.8,4,1743,150.0
1744,0,0.5,9.8,4,1744,55.0
1745,0,0.5,9.8,4,1745,159.0
1746,0,0.5,9.8,4,1746,48.0
1747,0,0.5,9.8,4,1747,48.0
1748,0,0.5,9.8,4,1748,48.0
1749,0,0.5,9.8,4,1749,179.0
1750,0,0.5,9.8,4,1750,48.0
1751,0,0.5,9.8,4,1751,44.0
1752,0,0.5,9.8,4,1752,46.0
1753,0,0.5,9.8,4,1753,70.0
1754,0,0.5,9.8,4,1754,16.0
1755,0,0.5,9.8,4,1755,19.0
1756,0,0.5,9.8,4,1756,17.0
1757,0,0.5,9.8,4,1757,48.0
1758,0,0.5,9.8,4,1758,45.0
1759,0,0.5,9.8,4,1759,38.0
1760,0,0.5,9.8,4,1760,34.0
1761,0,0.5,9.8,4,1761,262.0
1762,0,0.5,9.8,4,1762,278.0
1763,0,0.5,9.8,4,1763,25.0
1764,0,0.5,9.8,4,1764,182.0
1765,0,0.5,9.8,4,1765,251.0
1766,0,0.5,9.8,4,1766,177.0
1767,0,0.5,9.8,4,1767,189.0
1768,0,0.5,9.8,4,1768,37.0
1769,0,0.5,9.8,4,1769,34.0
1770,0,0.5,9.8,4,1770,186.0
1771,0,0.5,9.8,4,1771,196.0
1772,0,0.5,9.8,4,1772,159.0
1773,0,0.5,9.8,4,1773,172.0
1774,0,0.5,9.8,4,1774,41.0
1775,0,0.5,9.8,4,1775,23.0
1776,0,0.5,9.8,4,1776,45.0
1777,0,0.5,9.8,4,1777,40.0
1778,0,0.5,9.8,4,1778,167.0
1779,0,0.5,9.8,4,1779,173.0
1780,0,0.5,9.8,4,1780,174.0
1781,0,0.5,9.8,4,1781,148.0
1782,0,0.5,9.8,4,1782,136.0
1783,0,0.5,9.8,4,1783,193.0
1784,0,0.5,9.8,4,1784,184.0
1785,0,0.5,9.8,4,1785,188.0
1786,0,0.5,9.8,4,1786,150.0
1787,0,0.5,9.8,4,1787,150.0
1788,0,0.5,9.8,4,1788,201.0
1789,0,0.5,9.8,4,1789,181.0
1790,0,0.5,9.8,4,1790,146.0
1791,0,0.5,9.8,4,1791,155.0
1792,0,0.5,9.8,4,1792,173.0
1793,0,0.5,9.8,4,1793,164.0
1794,0,0.5,9.8,4,1794,167.0
1795,0,0.5,9.8,4,1795,53.0
1796,0,0.5,9.8,4,1796,45.0
1797,0,0.5,9.8,4,1797,159.0
1798,0,0.5,9.8,4,1798,138.0
1799,0,0.5,9.8,4,1799,146.0
1800,0,0.5,9.8,4,1800,173.0
1801,0,0.5,9.8,4,1801,163.0
1802,0,0.5,9.8,4,1802,141.0
1803,0,0.5,9.8,4,1803,85.0
1804,0,0.5,9.8,4,1804,20.0
1805,0,0.5,9.8,4,1805,19.0
1806,0,0.5,9.8,4,1806,21.0
1807,0,0.5,9.8,4,1807,18.0
1808,0,0.5,9.8,4,1808,52.0
1809,0,0.5,9.8,4,1809,147.0
1810,0,0.5,9.8,4,1810,203.0
1811,0,0.5,9.8,4,1811,183.0
1812,0,0.5,9.8,4,1812,160.0
1813,0,0.5,9.8,4,1813,145.0
1814,0,0.5,9.8,4,1814,205.0
1815,0,0.5,9.8,4,1815,153.0
1816,0,0.5,9.8,4,1816,174.0
1817,0,0.5,9.8,4,1817,167.0
1818,0,0.5,9.8,4,1818,150.0
1819,0,0.5,9.8,4,1819,171.0
1820,0,0.5,9.8,4,1820,222.0
1821,0,0.5,9.8,4,1821,207.0
1822,0,0.5,9.8,4,1822,180.0
1823,0,0.5,9.8,4,1823,142.0
1824,0,0.5,9.8,4,1824,149.0
1825,0,0.5,9.8,4,1825,177.0
1826,0,0.5,9.8,4,1826,182.0
1827,0,0.5,9.8,4,1827,186.0
1828,0,0.5,9.8,4,1828,199.0
1829,0,0.5,9.8,4,1829,174.0
1830,0,0.5,9.8,4,1830,175.0
1831,0,0.5,9.8,4,1831,152.0
1832,0,0.5,9.8,4,1832,160.0
1833,0,0.5,9.8,4,1833,172.0
1834,0,0.5,9.8,4,1834,185.0
1835,0,0.5,9.8,4,1835,195.0
1836,0,0.5,9.8,4,1836,171.0
1837,0,0.5,9.8,4,1837,161.0
1838,0,0.5,9.8,4,1838,155.0
1839,0,0.5,9.8,4,1839,145.0
1840,0,0.5,9.8,4,1840,165.0
1841,0,0.5,9.8,4,1841,160.0
1842,0,0.5,9.8,4,1842,191.0
1843,0,0.5,9.8,4,1843,167.0
1844,0,0.5,9.8,4,1844,195.0
1845,0,0.5,9.8,4,1845,217.0
1846,0,0.5,9.8,4,1846,162.0
1847,0,0.5,9.8,4,1847,425.0
1848,0,0.5,9.8,4,1848,269.0
1849,0,0.5,9.8,4,1849,258.0
1850,0,0.5,9.8,4,1850,217.0
1851,0,0.5,9.8,4,1851,182.0
1852,0,0.5,9.8,4,1852,187.0
1853,0,0.5,9.8,4,1853,165.0
1854,0,0.5,9.8,4,1854,204.0
1855,0,0.5,9.8,4,1855,194.0
1856,0,0.5,9.8,4,1856,194.0
1857,0,0.5,9.8,4,1857,275.0
1858,0,0.5,9.8,4,1858,258.0
1859,0,0.5,9.8,4,1859,373.0
1860,0,0.5,9.8,4,1860,274.0
1861,0,0.5,9.8,4,1861,186.0
1862,0,0.5,9.8,4,1862,193.0
1863,0,0.5,9.8,4,1863,241.0
1864,0,0.5,9.8,4,1864,169.0
1865,0,0.5,9.8,4,1865,132.0
1866,0,0.5,9.8,4,1866,236.0
1867,0,0.5,9.8,4,1867,46.0
1868,0,0.5,9.8,4,1868,324.0
1869,0,0.5,9.8,4,1869,223.0
1870,0,0.5,9.8,4,1870,264.0
1871,0,0.5,9.8,4,1871,209.0
1872,0,0.5,9.8,4,1872,139.0
1873,0,0.5,9.8,4,1873,182.0
1874,0,0.5,9.8,4,1874,137.0
1875,0,0.5,9.8,4,1875,185.0
1876,0,0.5,9.8,4,1876,162.0
1877,0,0.5,9.8,4,1877,145.0
1878,0,0.5,9.8,4,1878,160.0
1879,0,0.5,9.8,4,1879,135.0
1880,0,0.5,9.8,4,1880,166.0
1881,0,0.5,9.8,4,1881,185.0
1882,0,0.5,9.8,4,1882,162.0
1883,0,0.5,9.8,4,1883,147.0
1884,0,0.5,9.8,4,1884,171.0
1885,0,0.5,9.8,4,1885,151.0
1886,0,0.5,9.8,4,1886,154.0
1887,0,0.5,9.8,4,1887,155.0
1888,0,0.5,9.8,4,1888,181.0
1889,0,0.5,9.8,4,1889,218.0
1890,0,0.5,9.8,4,1890,245.0
1891,0,0.5,9.8,4,1891,210.0
1892,0,0.5,9.8,4,1892,223.0
1893,0,0.5,9.8,4,1893,221.0
1894,0,0.5,9.8,4,1894,170.0
1895,0,0.5,9.8,4,1895,182.0
1896,0,0.5,9.8,4,1896,182.0
1897,0,0.5,9.8,4,1897,158.0
1898,0,0.5,9.8,4,1898,172.0
1899,0,0.5,9.8,4,1899,166.0
1900,0,0.5,9.8,4,1900,161.0
1901,0,0.5,9.8,4,1901,143.0
1902,0,0.5,9.8,4,1902,159.0
1903,0,0.5,9.8,4,1903,193.0
1904,0,0.5,9.8,4,1904,153.0
1905,0,0.5,9.8,4,1905,191.0
1906,0,0.5,9.8,4,1906,213.0
1907,0,0.5,9.8,4,1907,344.0
1908,0,0.5,9.8,4,1908,305.0
1909,0,0.5,9.8,4,1909,201.0
1910,0,0.5,9.8,4,1910,232.0
1911,0,0.5,9.8,4,1911,149.0
1912,0,0.5,9.8,4,1912,150.0
1913,0,0.5,9.8,4,1913,180.0
1914,0,0.5,9.8,4,1914,209.0
1915,0,0.5,9.8,4,1915,196.0
1916,0,0.5,9.8,4,1916,257.0
1917,0,0.5,9.8,4,1917,206.0
1918,0,0.5,9.8,4,1918,186.0
1919,0,0.5,9.8,4,1919,203.0
1920,0,0.5,9.8,4,1920,442.0
1921,0,0.5,9.8,4,1921,176.0
1922,0,0.5,9.8,4,1922,182.0
1923,0,0.5,9.8,4,1923,343.0
1924,0,0.5,9.8,4,1924,308.0
1925,0,0.5,9.8,4,1925,300.0
0,0,0.5,9.8,10,0,23.0
1,0,0.5,9.8,10,1,10.0
2,0,0.5,9.8,10,2,20.0
3,0,0.5,9.8,10,3,16.0
4,0,0.5,9.8,10,4,18.0
5,0,0.5,9.8,10,5,16.0
6,0,0.5,9.8,10,6,12.0
7,0,0.5,9.8,10,7,33.0
8,0,0.5,9.8,10,8,25.0
9,0,0.5,9.8,10,9,41.0
10,0,0.5,9.8,10,10,22.0
11,0,0.5,9.8,10,11,13.0
12,0,0.5,9.8,10,12,17.0
13,0,0.5,9.8,10,13,41.0
14,0,0.5,9.8,10,14,28.0
15,0,0.5,9.8,10,15,18.0
16,0,0.5,9.8,10,16,12.0
17,0,0.5,9.8,10,17,14.0
18,0,0.5,9.8,10,18,28.0
19,0,0.5,9.8,10,19,31.0
20,0,0.5,9.8,10,20,15.0
21,0,0.5,9.8,10,21,21.0
22,0,0.5,9.8,10,22,34.0
23,0,0.5,9.8,10,23,60.0
24,0,0.5,9.8,10,24,47.0
25,0,0.5,9.8,10,25,37.0
26,0,0.5,9.8,10,26,21.0
27,0,0.5,9.8,10,27,12.0
28,0,0.5,9.8,10,28,45.0
29,0,0.5,9.8,10,29,20.0
30,0,0.5,9.8,10,30,35.0
31,0,0.5,9.8,10,31,40.0
32,0,0.5,9.8,10,32,31.0
33,0,0.5,9.8,10,33,52.0
34,0,0.5,9.8,10,34,22.0
35,0,0.5,9.8,10,35,96.0
36,0,0.5,9.8,10,36,30.0
37,0,0.5,9.8,10,37,16.0
38,0,0.5,9.8,10,38,53.0
39,0,0.5,9.8,10,39,111.0
40,0,0.5,9.8,10,40,47.0
41,0,0.5,9.8,10,41,34.0
42,0,0.5,9.8,10,42,38.0
43,0,0.5,9.8,10,43,85.0
44,0,0.5,9.8,10,44,24.0
45,0,0.5,9.8,10,45,41.0
46,0,0.5,9.8,10,46,60.0
47,0,0.5,9.8,10,47,29.0
48,0,0.5,9.8,10,48,11.0
49,0,0.5,9.8,10,49,16.0
50,0,0.5,9.8,10,50,74.0
51,0,0.5,9.8,10,51,11.0
52,0,0.5,9.8,10,52,103.0
53,0,0.5,9.8,10,53,26.0
54,0,0.5,9.8,10,54,112.0
55,0,0.5,9.8,10,55,17.0
56,0,0.5,9.8,10,56,35.0
57,0,0.5,9.8,10,57,33.0
58,0,0.5,9.8,10,58,18.0
59,0,0.5,9.8,10,59,56.0
60,0,0.5,9.8,10,60,64.0
61,0,0.5,9.8,10,61,76.0
62,0,0.5,9.8,10,62,22.0
63,0,0.5,9.8,10,63,61.0
64,0,0.5,9.8,10,64,36.0
65,0,0.5,9.8,10,65,21.0
66,0,0.5,9.8,10,66,18.0
67,0,0.5,9.8,10,67,18.0
68,0,0.5,9.8,10,68,69.0
69,0,0.5,9.8,10,69,12.0
70,0,0.5,9.8,10,70,47.0
71,0,0.5,9.8,10,71,18.0
72,0,0.5,9.8,10,72,25.0
73,0,0.5,9.8,10,73,53.0
74,0,0.5,9.8,10,74,24.0
75,0,0.5,9.8,10,75,72.0
76,0,0.5,9.8,10,76,16.0
77,0,0.5,9.8,10,77,36.0
78,0,0.5,9.8,10,78,27.0
79,0,0.5,9.8,10,79,41.0
80,0,0.5,9.8,10,80,99.0
81,0,0.5,9.8,10,81,75.0
82,0,0.5,9.8,10,82,78.0
83,0,0.5,9.8,10,83,85.0
84,0,0.5,9.8,10,84,90.0
85,0,0.5,9.8,10,85,21.0
86,0,0.5,9.8,10,86,51.0
87,0,0.5,9.8,10,87,24.0
88,0,0.5,9.8,10,88,76.0
89,0,0.5,9.8,10,89,85.0
90,0,0.5,9.8,10,90,96.0
91,0,0.5,9.8,10,91,65.0
92,0,0.5,9.8,10,92,107.0
93,0,0.5,9.8,10,93,32.0
94,0,0.5,9.8,10,94,75.0
95,0,0.5,9.8,10,95,13.0
96,0,0.5,9.8,10,96,13.0
97,0,0.5,9.8,10,97,16.0
98,0,0.5,9.8,10,98,40.0
99,0,0.5,9.8,10,99,24.0
100,0,0.5,9.8,10,100,24.0
101,0,0.5,9.8,10,101,104.0
102,0,0.5,9.8,10,102,195.0
103,0,0.5,9.8,10,103,57.0
104,0,0.5,9.8,10,104,77.0
105,0,0.5,9.8,10,105,46.0
106,0,0.5,9.8,10,106,188.0
107,0,0.5,9.8,10,107,84.0
108,0,0.5,9.8,10,108,16.0
109,0,0.5,9.8,10,109,81.0
110,0,0.5,9.8,10,110,82.0
111,0,0.5,9.8,10,111,156.0
112,0,0.5,9.8,10,112,71.0
113,0,0.5,9.8,10,113,169.0
114,0,0.5,9.8,10,114,158.0
115,0,0.5,9.8,10,115,13.0
116,0,0.5,9.8,10,116,89.0
117,0,0.5,9.8,10,117,14.0
118,0,0.5,9.8,10,118,15.0
119,0,0.5,9.8,10,119,131.0
120,0,0.5,9.8,10,120,158.0
121,0,0.5,9.8,10,121,133.0
122,0,0.5,9.8,10,122,35.0
123,0,0.5,9.8,10,123,124.0
124,0,0.5,9.8,10,124,175.0
125,0,0.5,9.8,10,125,187.0
126,0,0.5,9.8,10,126,19.0
127,0,0.5,9.8,10,127,15.0
128,0,0.5,9.8,10,128,170.0
129,0,0.5,9.8,10,129,107.0
130,0,0.5,9.8,10,130,28.0
131,0,0.5,9.8,10,131,18.0
132,0,0.5,9.8,10,132,200.0
133,0,0.5,9.8,10,133,224.0
134,0,0.5,9.8,10,134,72.0
135,0,0.5,9.8,10,135,18.0
136,0,0.5,9.8,10,136,131.0
137,0,0.5,9.8,10,137,83.0
138,0,0.5,9.8,10,138,105.0
139,0,0.5,9.8,10,139,75.0
140,0,0.5,9.8,10,140,76.0
141,0,0.5,9.8,10,141,113.0
142,0,0.5,9.8,10,142,20.0
143,0,0.5,9.8,10,143,129.0
144,0,0.5,9.8,10,144,159.0
145,0,0.5,9.8,10,145,187.0
146,0,0.5,9.8,10,146,83.0
147,0,0.5,9.8,10,147,56.0
148,0,0.5,9.8,10,148,160.0
149,0,0.5,9.8,10,149,126.0
150,0,0.5,9.8,10,150,62.0
151,0,0.5,9.8,10,151,178.0
152,0,0.5,9.8,10,152,339.0
153,0,0.5,9.8,10,153,100.0
154,0,0.5,9.8,10,154,53.0
155,0,0.5,9.8,10,155,11.0
156,0,0.5,9.8,10,156,185.0
157,0,0.5,9.8,10,157,181.0
158,0,0.5,9.8,10,158,82.0
159,0,0.5,9.8,10,159,308.0
160,0,0.5,9.8,10,160,112.0
161,0,0.5,9.8,10,161,36.0
162,0,0.5,9.8,10,162,24.0
163,0,0.5,9.8,10,163,123.0
164,0,0.5,9.8,10,164,219.0
165,0,0.5,9.8,10,165,20.0
166,0,0.5,9.8,10,166,213.0
167,0,0.5,9.8,10,167,156.0
168,0,0.5,9.8,10,168,64.0
169,0,0.5,9.8,10,169,124.0
170,0,0.5,9.8,10,170,75.0
171,0,0.5,9.8,10,171,275.0
172,0,0.5,9.8,10,172,14.0
173,0,0.5,9.8,10,173,228.0
174,0,0.5,9.8,10,174,145.0
175,0,0.5,9.8,10,175,77.0
176,0,0.5,9.8,10,176,32.0
177,0,0.5,9.8,10,177,163.0
178,0,0.5,9.8,10,178,102.0
179,0,0.5,9.8,10,179,147.0
180,0,0.5,9.8,10,180,299.0
181,0,0.5,9.8,10,181,51.0
182,0,0.5,9.8,10,182,85.0
183,0,0.5,9.8,10,183,197.0
184,0,0.5,9.8,10,184,133.0
185,0,0.5,9.8,10,185,346.0
186,0,0.5,9.8,10,186,39.0
187,0,0.5,9.8,10,187,242.0
188,0,0.5,9.8,10,188,244.0
189,0,0.5,9.8,10,189,57.0
190,0,0.5,9.8,10,190,117.0
191,0,0.5,9.8,10,191,70.0
192,0,0.5,9.8,10,192,66.0
193,0,0.5,9.8,10,193,75.0
194,0,0.5,9.8,10,194,240.0
195,0,0.5,9.8,10,195,433.0
196,0,0.5,9.8,10,196,372.0
197,0,0.5,9.8,10,197,255.0
198,0,0.5,9.8,10,198,349.0
199,0,0.5,9.8,10,199,125.0
200,0,0.5,9.8,10,200,301.0
201,0,0.5,9.8,10,201,136.0
202,0,0.5,9.8,10,202,294.0
203,0,0.5,9.8,10,203,306.0
204,0,0.5,9.8,10,204,254.0
205,0,0.5,9.8,10,205,298.0
206,0,0.5,9.8,10,206,38.0
207,0,0.5,9.8,10,207,191.0
208,0,0.5,9.8,10,208,311.0
209,0,0.5,9.8,10,209,41.0
210,0,0.5,9.8,10,210,56.0
211,0,0.5,9.8,10,211,240.0
212,0,0.5,9.8,10,212,342.0
213,0,0.5,9.8,10,213,106.0
214,0,0.5,9.8,10,214,311.0
215,0,0.5,9.8,10,215,67.0
216,0,0.5,9.8,10,216,325.0
217,0,0.5,9.8,10,217,136.0
218,0,0.5,9.8,10,218,116.0
219,0,0.5,9.8,10,219,86.0
220,0,0.5,9.8,10,220,256.0
221,0,0.5,9.8,10,221,214.0
222,0,0.5,9.8,10,222,230.0
223,0,0.5,9.8,10,223,377.0
224,0,0.5,9.8,10,224,260.0
225,0,0.5,9.8,10,225,87.0
226,0,0.5,9.8,10,226,218.0
227,0,0.5,9.8,10,227,513.0
228,0,0.5,9.8,10,228,44.0
229,0,0.5,9.8,10,229,394.0
230,0,0.5,9.8,10,230,14.0
231,0,0.5,9.8,10,231,154.0
232,0,0.5,9.8,10,232,268.0
233,0,0.5,9.8,10,233,378.0
234,0,0.5,9.8,10,234,29.0
235,0,0.5,9.8,10,235,192.0
236,0,0.5,9.8,10,236,102.0
237,0,0.5,9.8,10,237,277.0
238,0,0.5,9.8,10,238,597.0
239,0,0.5,9.8,10,239,47.0
240,0,0.5,9.8,10,240,35.0
241,0,0.5,9.8,10,241,504.0
242,0,0.5,9.8,10,242,291.0
243,0,0.5,9.8,10,243,312.0
244,0,0.5,9.8,10,244,263.0
245,0,0.5,9.8,10,245,336.0
246,0,0.5,9.8,10,246,253.0
247,0,0.5,9.8,10,247,267.0
248,0,0.5,9.8,10,248,333.0
249,0,0.5,9.8,10,249,286.0
250,0,0.5,9.8,10,250,243.0
251,0,0.5,9.8,10,251,213.0
252,0,0.5,9.8,10,252,68.0
253,0,0.5,9.8,10,253,425.0
254,0,0.5,9.8,10,254,318.0
255,0,0.5,9.8,10,255,294.0
256,0,0.5,9.8,10,256,313.0
0,0,0.5,9.8,20,0,15.0
1,0,0.5,9.8,20,1,10.0
2,0,0.5,9.8,20,2,17.0
3,0,0.5,9.8,20,3,14.0
4,0,0.5,9.8,20,4,29.0
5,0,0.5,9.8,20,5,26.0
6,0,0.5,9.8,20,6,25.0
7,0,0.5,9.8,20,7,20.0
8,0,0.5,9.8,20,8,16.0
9,0,0.5,9.8,20,9,8.0
10,0,0.5,9.8,20,10,7.0
11,0,0.5,9.8,20,11,16.0
12,0,0.5,9.8,20,12,25.0
13,0,0.5,9.8,20,13,11.0
14,0,0.5,9.8,20,14,17.0
15,0,0.5,9.8,20,15,31.0
16,0,0.5,9.8,20,16,18.0
17,0,0.5,9.8,20,17,6.0
18,0,0.5,9.8,20,18,9.0
19,0,0.5,9.8,20,19,26.0
20,0,0.5,9.8,20,20,34.0
21,0,0.5,9.8,20,21,28.0
22,0,0.5,9.8,20,22,54.0
23,0,0.5,9.8,20,23,18.0
24,0,0.5,9.8,20,24,25.0
25,0,0.5,9.8,20,25,17.0
26,0,0.5,9.8,20,26,8.0
27,0,0.5,9.8,20,27,10.0
28,0,0.5,9.8,20,28,31.0
29,0,0.5,9.8,20,29,17.0
30,0,0.5,9.8,20,30,38.0
31,0,0.5,9.8,20,31,23.0
32,0,0.5,9.8,20,32,12.0
33,0,0.5,9.8,20,33,24.0
34,0,0.5,9.8,20,34,12.0
35,0,0.5,9.8,20,35,52.0
36,0,0.5,9.8,20,36,11.0
37,0,0.5,9.8,20,37,27.0
38,0,0.5,9.8,20,38,16.0
39,0,0.5,9.8,20,39,10.0
40,0,0.5,9.8,20,40,35.0
41,0,0.5,9.8,20,41,8.0
42,0,0.5,9.8,20,42,43.0
43,0,0.5,9.8,20,43,41.0
44,0,0.5,9.8,20,44,14.0
45,0,0.5,9.8,20,45,16.0
46,0,0.5,9.8,20,46,26.0
47,0,0.5,9.8,20,47,49.0
48,0,0.5,9.8,20,48,14.0
49,0,0.5,9.8,20,49,28.0
50,0,0.5,9.8,20,50,46.0
51,0,0.5,9.8,20,51,19.0
52,0,0.5,9.8,20,52,24.0
53,0,0.5,9.8,20,53,37.0
54,0,0.5,9.8,20,54,14.0
55,0,0.5,9.8,20,55,14.0
56,0,0.5,9.8,20,56,7.0
57,0,0.5,9.8,20,57,19.0
58,0,0.5,9.8,20,58,13.0
59,0,0.5,9.8,20,59,13.0
60,0,0.5,9.8,20,60,19.0
61,0,0.5,9.8,20,61,13.0
62,0,0.5,9.8,20,62,45.0
63,0,0.5,9.8,20,63,15.0
64,0,0.5,9.8,20,64,26.0
65,0,0.5,9.8,20,65,9.0
66,0,0.5,9.8,20,66,52.0
67,0,0.5,9.8,20,67,25.0
68,0,0.5,9.8,20,68,98.0
69,0,0.5,9.8,20,69,23.0
70,0,0.5,9.8,20,70,64.0
71,0,0.5,9.8,20,71,7.0
72,0,0.5,9.8,20,72,8.0
73,0,0.5,9.8,20,73,59.0
74,0,0.5,9.8,20,74,51.0
75,0,0.5,9.8,20,75,53.0
76,0,0.5,9.8,20,76,33.0
77,0,0.5,9.8,20,77,58.0
78,0,0.5,9.8,20,78,12.0
79,0,0.5,9.8,20,79,10.0
80,0,0.5,9.8,20,80,41.0
81,0,0.5,9.8,20,81,36.0
82,0,0.5,9.8,20,82,47.0
83,0,0.5,9.8,20,83,37.0
84,0,0.5,9.8,20,84,21.0
85,0,0.5,9.8,20,85,18.0
86,0,0.5,9.8,20,86,40.0
87,0,0.5,9.8,20,87,50.0
88,0,0.5,9.8,20,88,51.0
89,0,0.5,9.8,20,89,9.0
90,0,0.5,9.8,20,90,8.0
91,0,0.5,9.8,20,91,46.0
92,0,0.5,9.8,20,92,20.0
93,0,0.5,9.8,20,93,24.0
94,0,0.5,9.8,20,94,99.0
95,0,0.5,9.8,20,95,53.0
96,0,0.5,9.8,20,96,19.0
97,0,0.5,9.8,20,97,133.0
98,0,0.5,9.8,20,98,59.0
99,0,0.5,9.8,20,99,18.0
100,0,0.5,9.8,20,100,49.0
101,0,0.5,9.8,20,101,61.0
102,0,0.5,9.8,20,102,54.0
103,0,0.5,9.8,20,103,17.0
104,0,0.5,9.8,20,104,152.0
105,0,0.5,9.8,20,105,44.0
106,0,0.5,9.8,20,106,184.0
107,0,0.5,9.8,20,107,85.0
108,0,0.5,9.8,20,108,39.0
109,0,0.5,9.8,20,109,27.0
110,0,0.5,9.8,20,110,25.0
111,0,0.5,9.8,20,111,64.0
112,0,0.5,9.8,20,112,56.0
113,0,0.5,9.8,20,113,12.0
114,0,0.5,9.8,20,114,29.0
115,0,0.5,9.8,20,115,128.0
116,0,0.5,9.8,20,116,35.0
117,0,0.5,9.8,20,117,37.0
118,0,0.5,9.8,20,118,15.0
119,0,0.5,9.8,20,119,131.0
120,0,0.5,9.8,20,120,27.0
121,0,0.5,9.8,20,121,37.0
122,0,0.5,9.8,20,122,13.0
123,0,0.5,9.8,20,123,29.0
124,0,0.5,9.8,20,124,13.0
125,0,0.5,9.8,20,125,16.0
126,0,0.5,9.8,20,126,27.0
127,0,0.5,9.8,20,127,21.0
128,0,0.5,9.8,20,128,17.0
129,0,0.5,9.8,20,129,24.0
130,0,0.5,9.8,20,130,242.0
131,0,0.5,9.8,20,131,15.0
132,0,0.5,9.8,20,132,28.0
133,0,0.5,9.8,20,133,27.0
134,0,0.5,9.8,20,134,47.0
135,0,0.5,9.8,20,135,14.0
136,0,0.5,9.8,20,136,37.0
137,0,0.5,9.8,20,137,88.0
138,0,0.5,9.8,20,138,43.0
139,0,0.5,9.8,20,139,149.0
140,0,0.5,9.8,20,140,11.0
141,0,0.5,9.8,20,141,114.0
142,0,0.5,9.8,20,142,16.0
143,0,0.5,9.8,20,143,40.0
144,0,0.5,9.8,20,144,53.0
145,0,0.5,9.8,20,145,28.0
146,0,0.5,9.8,20,146,44.0
147,0,0.5,9.8,20,147,22.0
148,0,0.5,9.8,20,148,35.0
149,0,0.5,9.8,20,149,62.0
150,0,0.5,9.8,20,150,52.0
151,0,0.5,9.8,20,151,56.0
152,0,0.5,9.8,20,152,23.0
153,0,0.5,9.8,20,153,141.0
154,0,0.5,9.8,20,154,50.0
155,0,0.5,9.8,20,155,91.0
156,0,0.5,9.8,20,156,27.0
157,0,0.5,9.8,20,157,84.0
158,0,0.5,9.8,20,158,191.0
159,0,0.5,9.8,20,159,86.0
160,0,0.5,9.8,20,160,96.0
161,0,0.5,9.8,20,161,80.0
162,0,0.5,9.8,20,162,67.0
163,0,0.5,9.8,20,163,213.0
164,0,0.5,9.8,20,164,82.0
165,0,0.5,9.8,20,165,118.0
166,0,0.5,9.8,20,166,10.0
167,0,0.5,9.8,20,167,100.0
168,0,0.5,9.8,20,168,207.0
169,0,0.5,9.8,20,169,173.0
170,0,0.5,9.8,20,170,77.0
171,0,0.5,9.8,20,171,19.0
172,0,0.5,9.8,20,172,112.0
173,0,0.5,9.8,20,173,118.0
174,0,0.5,9.8,20,174,293.0
175,0,0.5,9.8,20,175,192.0
176,0,0.5,9.8,20,176,272.0
177,0,0.5,9.8,20,177,86.0
178,0,0.5,9.8,20,178,25.0
179,0,0.5,9.8,20,179,367.0
180,0,0.5,9.8,20,180,52.0
181,0,0.5,9.8,20,181,79.0
182,0,0.5,9.8,20,182,69.0
183,0,0.5,9.8,20,183,67.0
184,0,0.5,9.8,20,184,7.0
185,0,0.5,9.8,20,185,199.0
186,0,0.5,9.8,20,186,81.0
187,0,0.5,9.8,20,187,365.0
188,0,0.5,9.8,20,188,283.0
189,0,0.5,9.8,20,189,153.0
190,0,0.5,9.8,20,190,206.0
191,0,0.5,9.8,20,191,114.0
192,0,0.5,9.8,20,192,31.0
193,0,0.5,9.8,20,193,116.0
194,0,0.5,9.8,20,194,31.0
195,0,0.5,9.8,20,195,71.0
196,0,0.5,9.8,20,196,149.0
197,0,0.5,9.8,20,197,166.0
198,0,0.5,9.8,20,198,56.0
199,0,0.5,9.8,20,199,27.0
200,0,0.5,9.8,20,200,411.0
201,0,0.5,9.8,20,201,71.0
202,0,0.5,9.8,20,202,139.0
203,0,0.5,9.8,20,203,22.0
204,0,0.5,9.8,20,204,237.0
205,0,0.5,9.8,20,205,194.0
206,0,0.5,9.8,20,206,51.0
207,0,0.5,9.8,20,207,75.0
208,0,0.5,9.8,20,208,21.0
209,0,0.5,9.8,20,209,69.0
210,0,0.5,9.8,20,210,91.0
211,0,0.5,9.8,20,211,105.0
212,0,0.5,9.8,20,212,289.0
213,0,0.5,9.8,20,213,211.0
214,0,0.5,9.8,20,214,27.0
215,0,0.5,9.8,20,215,19.0
216,0,0.5,9.8,20,216,61.0
217,0,0.5,9.8,20,217,77.0
218,0,0.5,9.8,20,218,91.0
219,0,0.5,9.8,20,219,258.0
220,0,0.5,9.8,20,220,41.0
221,0,0.5,9.8,20,221,297.0
222,0,0.5,9.8,20,222,308.0
223,0,0.5,9.8,20,223,231.0
224,0,0.5,9.8,20,224,294.0
225,0,0.5,9.8,20,225,89.0
226,0,0.5,9.8,20,226,132.0
227,0,0.5,9.8,20,227,161.0
228,0,0.5,9.8,20,228,229.0
229,0,0.5,9.8,20,229,99.0
230,0,0.5,9.8,20,230,188.0
231,0,0.5,9.8,20,231,94.0
232,0,0.5,9.8,20,232,7.0
233,0,0.5,9.8,20,233,244.0
234,0,0.5,9.8,20,234,215.0
235,0,0.5,9.8,20,235,211.0
236,0,0.5,9.8,20,236,242.0
237,0,0.5,9.8,20,237,230.0
238,0,0.5,9.8,20,238,245.0
239,0,0.5,9.8,20,239,49.0
240,0,0.5,9.8,20,240,255.0
241,0,0.5,9.8,20,241,226.0
242,0,0.5,9.8,20,242,268.0
243,0,0.5,9.8,20,243,247.0
244,0,0.5,9.8,20,244,265.0
245,0,0.5,9.8,20,245,22.0
246,0,0.5,9.8,20,246,355.0
247,0,0.5,9.8,20,247,284.0
248,0,0.5,9.8,20,248,92.0
249,0,0.5,9.8,20,249,76.0
250,0,0.5,9.8,20,250,173.0
251,0,0.5,9.8,20,251,411.0
252,0,0.5,9.8,20,252,45.0
253,0,0.5,9.8,20,253,482.0
254,0,0.5,9.8,20,254,321.0
255,0,0.5,9.8,20,255,358.0
256,0,0.5,9.8,20,256,51.0
257,0,0.5,9.8,20,257,387.0
258,0,0.5,9.8,20,258,21.0
259,0,0.5,9.8,20,259,21.0
260,0,0.5,9.8,20,260,86.0
261,0,0.5,9.8,20,261,118.0
262,0,0.5,9.8,20,262,212.0
263,0,0.5,9.8,20,263,285.0
264,0,0.5,9.8,20,264,109.0
265,0,0.5,9.8,20,265,38.0
266,0,0.5,9.8,20,266,66.0
267,0,0.5,9.8,20,267,418.0
268,0,0.5,9.8,20,268,244.0
269,0,0.5,9.8,20,269,375.0
270,0,0.5,9.8,20,270,384.0
271,0,0.5,9.8,20,271,329.0
272,0,0.5,9.8,20,272,344.0
273,0,0.5,9.8,20,273,252.0
274,0,0.5,9.8,20,274,354.0
275,0,0.5,9.8,20,275,148.0
276,0,0.5,9.8,20,276,40.0
277,0,0.5,9.8,20,277,163.0
278,0,0.5,9.8,20,278,290.0
279,0,0.5,9.8,20,279,192.0
280,0,0.5,9.8,20,280,234.0
281,0,0.5,9.8,20,281,290.0
282,0,0.5,9.8,20,282,219.0
283,0,0.5,9.8,20,283,204.0
284,0,0.5,9.8,20,284,239.0
285,0,0.5,9.8,20,285,178.0
286,0,0.5,9.8,20,286,14.0
287,0,0.5,9.8,20,287,189.0
288,0,0.5,9.8,20,288,18.0
289,0,0.5,9.8,20,289,181.0
290,0,0.5,9.8,20,290,167.0
291,0,0.5,9.8,20,291,58.0
292,0,0.5,9.8,20,292,12.0
293,0,0.5,9.8,20,293,201.0
294,0,0.5,9.8,20,294,163.0
295,0,0.5,9.8,20,295,189.0
296,0,0.5,9.8,20,296,166.0
297,0,0.5,9.8,20,297,183.0
298,0,0.5,9.8,20,298,170.0
299,0,0.5,9.8,20,299,175.0
300,0,0.5,9.8,20,300,141.0
301,0,0.5,9.8,20,301,14.0
302,0,0.5,9.8,20,302,161.0
303,0,0.5,9.8,20,303,168.0
304,0,0.5,9.8,20,304,156.0
305,0,0.5,9.8,20,305,160.0
306,0,0.5,9.8,20,306,78.0
307,0,0.5,9.8,20,307,174.0
308,0,0.5,9.8,20,308,179.0
309,0,0.5,9.8,20,309,172.0
310,0,0.5,9.8,20,310,170.0
311,0,0.5,9.8,20,311,148.0
312,0,0.5,9.8,20,312,161.0
313,0,0.5,9.8,20,313,14.0
314,0,0.5,9.8,20,314,161.0
315,0,0.5,9.8,20,315,157.0
316,0,0.5,9.8,20,316,81.0
317,0,0.5,9.8,20,317,12.0
318,0,0.5,9.8,20,318,167.0
319,0,0.5,9.8,20,319,153.0
320,0,0.5,9.8,20,320,152.0
321,0,0.5,9.8,20,321,152.0
322,0,0.5,9.8,20,322,150.0
323,0,0.5,9.8,20,323,147.0
324,0,0.5,9.8,20,324,154.0
325,0,0.5,9.8,20,325,152.0
326,0,0.5,9.8,20,326,145.0
327,0,0.5,9.8,20,327,139.0
328,0,0.5,9.8,20,328,138.0
329,0,0.5,9.8,20,329,141.0
330,0,0.5,9.8,20,330,149.0
331,0,0.5,9.8,20,331,146.0
332,0,0.5,9.8,20,332,150.0
333,0,0.5,9.8,20,333,146.0
334,0,0.5,9.8,20,334,147.0
335,0,0.5,9.8,20,335,149.0
336,0,0.5,9.8,20,336,141.0
337,0,0.5,9.8,20,337,155.0
338,0,0.5,9.8,20,338,144.0
339,0,0.5,9.8,20,339,10.0
340,0,0.5,9.8,20,340,147.0
341,0,0.5,9.8,20,341,139.0
342,0,0.5,9.8,20,342,138.0
343,0,0.5,9.8,20,343,141.0
344,0,0.5,9.8,20,344,151.0
345,0,0.5,9.8,20,345,54.0
346,0,0.5,9.8,20,346,158.0
347,0,0.5,9.8,20,347,10.0
348,0,0.5,9.8,20,348,147.0
349,0,0.5,9.8,20,349,138.0
350,0,0.5,9.8,20,350,147.0
351,0,0.5,9.8,20,351,142.0
352,0,0.5,9.8,20,352,147.0
353,0,0.5,9.8,20,353,138.0
354,0,0.5,9.8,20,354,144.0
355,0,0.5,9.8,20,355,150.0
356,0,0.5,9.8,20,356,133.0
357,0,0.5,9.8,20,357,155.0
358,0,0.5,9.8,20,358,133.0
359,0,0.5,9.8,20,359,160.0
360,0,0.5,9.8,20,360,158.0
361,0,0.5,9.8,20,361,139.0
362,0,0.5,9.8,20,362,147.0
363,0,0.5,9.8,20,363,143.0
364,0,0.5,9.8,20,364,144.0
365,0,0.5,9.8,20,365,139.0
366,0,0.5,9.8,20,366,150.0
367,0,0.5,9.8,20,367,151.0
368,0,0.5,9.8,20,368,18.0
369,0,0.5,9.8,20,369,151.0
370,0,0.5,9.8,20,370,152.0
371,0,0.5,9.8,20,371,138.0
372,0,0.5,9.8,20,372,124.0
373,0,0.5,9.8,20,373,163.0
374,0,0.5,9.8,20,374,37.0
375,0,0.5,9.8,20,375,139.0
376,0,0.5,9.8,20,376,153.0
377,0,0.5,9.8,20,377,146.0
378,0,0.5,9.8,20,378,149.0
379,0,0.5,9.8,20,379,152.0
380,0,0.5,9.8,20,380,144.0
381,0,0.5,9.8,20,381,140.0
382,0,0.5,9.8,20,382,149.0
383,0,0.5,9.8,20,383,141.0
384,0,0.5,9.8,20,384,154.0
385,0,0.5,9.8,20,385,144.0
386,0,0.5,9.8,20,386,157.0
387,0,0.5,9.8,20,387,148.0
388,0,0.5,9.8,20,388,145.0
389,0,0.5,9.8,20,389,158.0
390,0,0.5,9.8,20,390,155.0
391,0,0.5,9.8,20,391,151.0
392,0,0.5,9.8,20,392,150.0
393,0,0.5,9.8,20,393,157.0
394,0,0.5,9.8,20,394,152.0
395,0,0.5,9.8,20,395,20.0
396,0,0.5,9.8,20,396,150.0
397,0,0.5,9.8,20,397,157.0
398,0,0.5,9.8,20,398,171.0
399,0,0.5,9.8,20,399,146.0
400,0,0.5,9.8,20,400,158.0
401,0,0.5,9.8,20,401,158.0
402,0,0.5,9.8,20,402,173.0
403,0,0.5,9.8,20,403,162.0
404,0,0.5,9.8,20,404,153.0
405,0,0.5,9.8,20,405,156.0
406,0,0.5,9.8,20,406,164.0
407,0,0.5,9.8,20,407,161.0
408,0,0.5,9.8,20,408,157.0
409,0,0.5,9.8,20,409,157.0
410,0,0.5,9.8,20,410,147.0
411,0,0.5,9.8,20,411,158.0
412,0,0.5,9.8,20,412,102.0
413,0,0.5,9.8,20,413,161.0
414,0,0.5,9.8,20,414,157.0
415,0,0.5,9.8,20,415,159.0
416,0,0.5,9.8,20,416,161.0
417,0,0.5,9.8,20,417,144.0
418,0,0.5,9.8,20,418,29.0
419,0,0.5,9.8,20,419,238.0
420,0,0.5,9.8,20,420,170.0
421,0,0.5,9.8,20,421,184.0
422,0,0.5,9.8,20,422,157.0
423,0,0.5,9.8,20,423,152.0
424,0,0.5,9.8,20,424,168.0
425,0,0.5,9.8,20,425,159.0
426,0,0.5,9.8,20,426,157.0
427,0,0.5,9.8,20,427,154.0
428,0,0.5,9.8,20,428,140.0
429,0,0.5,9.8,20,429,140.0
430,0,0.5,9.8,20,430,172.0
431,0,0.5,9.8,20,431,168.0
432,0,0.5,9.8,20,432,170.0
433,0,0.5,9.8,20,433,163.0
434,0,0.5,9.8,20,434,153.0
435,0,0.5,9.8,20,435,148.0
436,0,0.5,9.8,20,436,162.0
437,0,0.5,9.8,20,437,204.0
438,0,0.5,9.8,20,438,193.0
439,0,0.5,9.8,20,439,179.0
440,0,0.5,9.8,20,440,151.0
441,0,0.5,9.8,20,441,144.0
442,0,0.5,9.8,20,442,148.0
443,0,0.5,9.8,20,443,162.0
444,0,0.5,9.8,20,444,176.0
445,0,0.5,9.8,20,445,171.0
446,0,0.5,9.8,20,446,8.0
447,0,0.5,9.8,20,447,155.0
448,0,0.5,9.8,20,448,152.0
449,0,0.5,9.8,20,449,146.0
450,0,0.5,9.8,20,450,201.0
451,0,0.5,9.8,20,451,184.0
452,0,0.5,9.8,20,452,207.0
453,0,0.5,9.8,20,453,165.0
454,0,0.5,9.8,20,454,148.0
455,0,0.5,9.8,20,455,198.0
456,0,0.5,9.8,20,456,150.0
457,0,0.5,9.8,20,457,159.0
458,0,0.5,9.8,20,458,162.0
459,0,0.5,9.8,20,459,169.0
460,0,0.5,9.8,20,460,166.0
461,0,0.5,9.8,20,461,163.0
462,0,0.5,9.8,20,462,130.0
463,0,0.5,9.8,20,463,146.0
464,0,0.5,9.8,20,464,148.0
465,0,0.5,9.8,20,465,167.0
466,0,0.5,9.8,20,466,167.0
467,0,0.5,9.8,20,467,156.0
468,0,0.5,9.8,20,468,188.0
469,0,0.5,9.8,20,469,165.0
470,0,0.5,9.8,20,470,165.0
471,0,0.5,9.8,20,471,168.0
472,0,0.5,9.8,20,472,169.0
473,0,0.5,9.8,20,473,172.0
474,0,0.5,9.8,20,474,164.0
475,0,0.5,9.8,20,475,62.0
476,0,0.5,9.8,20,476,44.0
477,0,0.5,9.8,20,477,163.0
478,0,0.5,9.8,20,478,162.0
479,0,0.5,9.8,20,479,160.0
480,0,0.5,9.8,20,480,151.0
481,0,0.5,9.8,20,481,152.0
482,0,0.5,9.8,20,482,157.0
483,0,0.5,9.8,20,483,157.0
484,0,0.5,9.8,20,484,166.0
485,0,0.5,9.8,20,485,154.0
486,0,0.5,9.8,20,486,150.0
487,0,0.5,9.8,20,487,9.0
488,0,0.5,9.8,20,488,168.0
489,0,0.5,9.8,20,489,167.0
490,0,0.5,9.8,20,490,175.0
491,0,0.5,9.8,20,491,170.0
492,0,0.5,9.8,20,492,41.0
493,0,0.5,9.8,20,493,161.0
494,0,0.5,9.8,20,494,169.0
495,0,0.5,9.8,20,495,158.0
496,0,0.5,9.8,20,496,162.0
497,0,0.5,9.8,20,497,164.0
498,0,0.5,9.8,20,498,146.0
499,0,0.5,9.8,20,499,146.0
500,0,0.5,9.8,20,500,167.0
501,0,0.5,9.8,20,501,169.0
502,0,0.5,9.8,20,502,162.0
503,0,0.5,9.8,20,503,166.0
504,0,0.5,9.8,20,504,161.0
505,0,0.5,9.8,20,505,155.0
506,0,0.5,9.8,20,506,159.0
507,0,0.5,9.8,20,507,190.0
508,0,0.5,9.8,20,508,159.0
509,0,0.5,9.8,20,509,151.0
510,0,0.5,9.8,20,510,181.0
511,0,0.5,9.8,20,511,157.0
512,0,0.5,9.8,20,512,167.0
513,0,0.5,9.8,20,513,163.0
514,0,0.5,9.8,20,514,155.0
515,0,0.5,9.8,20,515,157.0
516,0,0.5,9.8,20,516,152.0
517,0,0.5,9.8,20,517,161.0
518,0,0.5,9.8,20,518,171.0
519,0,0.5,9.8,20,519,158.0
520,0,0.5,9.8,20,520,167.0
521,0,0.5,9.8,20,521,171.0
522,0,0.5,9.8,20,522,164.0
523,0,0.5,9.8,20,523,204.0
524,0,0.5,9.8,20,524,158.0
525,0,0.5,9.8,20,525,169.0
526,0,0.5,9.8,20,526,165.0
527,0,0.5,9.8,20,527,180.0
528,0,0.5,9.8,20,528,189.0
529,0,0.5,9.8,20,529,226.0
530,0,0.5,9.8,20,530,185.0
531,0,0.5,9.8,20,531,166.0
532,0,0.5,9.8,20,532,174.0
533,0,0.5,9.8,20,533,14.0
534,0,0.5,9.8,20,534,164.0
535,0,0.5,9.8,20,535,187.0
536,0,0.5,9.8,20,536,103.0
537,0,0.5,9.8,20,537,168.0
538,0,0.5,9.8,20,538,153.0
539,0,0.5,9.8,20,539,165.0
540,0,0.5,9.8,20,540,150.0
541,0,0.5,9.8,20,541,170.0
542,0,0.5,9.8,20,542,180.0
543,0,0.5,9.8,20,543,168.0
544,0,0.5,9.8,20,544,165.0
545,0,0.5,9.8,20,545,151.0
546,0,0.5,9.8,20,546,167.0
547,0,0.5,9.8,20,547,162.0
548,0,0.5,9.8,20,548,165.0
549,0,0.5,9.8,20,549,167.0
550,0,0.5,9.8,20,550,165.0
551,0,0.5,9.8,20,551,170.0
552,0,0.5,9.8,20,552,158.0
553,0,0.5,9.8,20,553,158.0
554,0,0.5,9.8,20,554,170.0
555,0,0.5,9.8,20,555,191.0
556,0,0.5,9.8,20,556,156.0
557,0,0.5,9.8,20,557,164.0
558,0,0.5,9.8,20,558,151.0
559,0,0.5,9.8,20,559,177.0
560,0,0.5,9.8,20,560,180.0
561,0,0.5,9.8,20,561,178.0
562,0,0.5,9.8,20,562,193.0
563,0,0.5,9.8,20,563,188.0
564,0,0.5,9.8,20,564,48.0
565,0,0.5,9.8,20,565,177.0
566,0,0.5,9.8,20,566,163.0
567,0,0.5,9.8,20,567,154.0
568,0,0.5,9.8,20,568,166.0
569,0,0.5,9.8,20,569,17.0
570,0,0.5,9.8,20,570,169.0
571,0,0.5,9.8,20,571,176.0
572,0,0.5,9.8,20,572,149.0
573,0,0.5,9.8,20,573,182.0
574,0,0.5,9.8,20,574,178.0
575,0,0.5,9.8,20,575,185.0
576,0,0.5,9.8,20,576,179.0
577,0,0.5,9.8,20,577,198.0
578,0,0.5,9.8,20,578,208.0
579,0,0.5,9.8,20,579,220.0
580,0,0.5,9.8,20,580,203.0
581,0,0.5,9.8,20,581,208.0
582,0,0.5,9.8,20,582,202.0
583,0,0.5,9.8,20,583,235.0
584,0,0.5,9.8,20,584,186.0
585,0,0.5,9.8,20,585,60.0
586,0,0.5,9.8,20,586,9.0
587,0,0.5,9.8,20,587,204.0
588,0,0.5,9.8,20,588,165.0
589,0,0.5,9.8,20,589,8.0
590,0,0.5,9.8,20,590,174.0
591,0,0.5,9.8,20,591,215.0
592,0,0.5,9.8,20,592,167.0
593,0,0.5,9.8,20,593,197.0
594,0,0.5,9.8,20,594,171.0
595,0,0.5,9.8,20,595,196.0
596,0,0.5,9.8,20,596,187.0
597,0,0.5,9.8,20,597,236.0
598,0,0.5,9.8,20,598,252.0
599,0,0.5,9.8,20,599,310.0
600,0,0.5,9.8,20,600,217.0
601,0,0.5,9.8,20,601,223.0
602,0,0.5,9.8,20,602,262.0
603,0,0.5,9.8,20,603,454.0
604,0,0.5,9.8,20,604,270.0
605,0,0.5,9.8,20,605,290.0
606,0,0.5,9.8,20,606,278.0
607,0,0.5,9.8,20,607,260.0
608,0,0.5,9.8,20,608,273.0
609,0,0.5,9.8,20,609,348.0
610,0,0.5,9.8,20,610,238.0
611,0,0.5,9.8,20,611,270.0
612,0,0.5,9.8,20,612,404.0
613,0,0.5,9.8,20,613,236.0
614,0,0.5,9.8,20,614,552.0
615,0,0.5,9.8,20,615,236.0
616,0,0.5,9.8,20,616,310.0
617,0,0.5,9.8,20,617,1000.0
618,0,0.5,9.8,20,618,177.0
619,0,0.5,9.8,20,619,1000.0
