,Task#,Seed,Gravity,Length,Force_mag,Episode,Score
0,0,0,1,9.8,10.0,0,43.0
1,0,0,1,9.8,10.0,1,16.0
2,0,0,1,9.8,10.0,2,33.0
3,0,0,1,9.8,10.0,3,36.0
4,0,0,1,9.8,10.0,4,72.0
5,0,0,1,9.8,10.0,5,33.0
6,0,0,1,9.8,10.0,6,23.0
7,0,0,1,9.8,10.0,7,16.0
8,0,0,1,9.8,10.0,8,20.0
9,0,0,1,9.8,10.0,9,32.0
10,0,0,1,9.8,10.0,10,32.0
11,0,0,1,9.8,10.0,11,59.0
12,0,0,1,9.8,10.0,12,29.0
13,0,0,1,9.8,10.0,13,35.0
14,0,0,1,9.8,10.0,14,26.0
15,0,0,1,9.8,10.0,15,33.0
16,0,0,1,9.8,10.0,16,31.0
17,0,0,1,9.8,10.0,17,28.0
18,0,0,1,9.8,10.0,18,12.0
19,0,0,1,9.8,10.0,19,36.0
20,0,0,1,9.8,10.0,20,16.0
21,0,0,1,9.8,10.0,21,20.0
22,0,0,1,9.8,10.0,22,34.0
23,0,0,1,9.8,10.0,23,23.0
24,0,0,1,9.8,10.0,24,41.0
25,0,0,1,9.8,10.0,25,31.0
26,0,0,1,9.8,10.0,26,21.0
27,0,0,1,9.8,10.0,27,29.0
28,0,0,1,9.8,10.0,28,29.0
29,0,0,1,9.8,10.0,29,24.0
30,0,0,1,9.8,10.0,30,25.0
31,0,0,1,9.8,10.0,31,16.0
32,0,0,1,9.8,10.0,32,13.0
33,0,0,1,9.8,10.0,33,35.0
34,0,0,1,9.8,10.0,34,17.0
35,0,0,1,9.8,10.0,35,29.0
36,0,0,1,9.8,10.0,36,16.0
37,0,0,1,9.8,10.0,37,21.0
38,0,0,1,9.8,10.0,38,35.0
39,0,0,1,9.8,10.0,39,20.0
40,0,0,1,9.8,10.0,40,22.0
41,0,0,1,9.8,10.0,41,15.0
42,0,0,1,9.8,10.0,42,19.0
43,0,0,1,9.8,10.0,43,21.0
44,0,0,1,9.8,10.0,44,17.0
45,0,0,1,9.8,10.0,45,35.0
46,0,0,1,9.8,10.0,46,36.0
47,0,0,1,9.8,10.0,47,20.0
48,0,0,1,9.8,10.0,48,24.0
49,0,0,1,9.8,10.0,49,33.0
50,0,0,1,9.8,10.0,50,18.0
51,0,0,1,9.8,10.0,51,38.0
52,0,0,1,9.8,10.0,52,18.0
53,0,0,1,9.8,10.0,53,19.0
54,0,0,1,9.8,10.0,54,35.0
55,0,0,1,9.8,10.0,55,21.0
56,0,0,1,9.8,10.0,56,20.0
57,0,0,1,9.8,10.0,57,21.0
58,0,0,1,9.8,10.0,58,21.0
59,0,0,1,9.8,10.0,59,19.0
60,0,0,1,9.8,10.0,60,25.0
61,0,0,1,9.8,10.0,61,41.0
62,0,0,1,9.8,10.0,62,32.0
63,0,0,1,9.8,10.0,63,38.0
64,0,0,1,9.8,10.0,64,21.0
65,0,0,1,9.8,10.0,65,12.0
66,0,0,1,9.8,10.0,66,30.0
67,0,0,1,9.8,10.0,67,23.0
68,0,0,1,9.8,10.0,68,19.0
69,0,0,1,9.8,10.0,69,17.0
70,0,0,1,9.8,10.0,70,30.0
71,0,0,1,9.8,10.0,71,21.0
72,0,0,1,9.8,10.0,72,31.0
73,0,0,1,9.8,10.0,73,12.0
74,0,0,1,9.8,10.0,74,18.0
75,0,0,1,9.8,10.0,75,13.0
76,0,0,1,9.8,10.0,76,24.0
77,0,0,1,9.8,10.0,77,21.0
78,0,0,1,9.8,10.0,78,19.0
79,0,0,1,9.8,10.0,79,21.0
80,0,0,1,9.8,10.0,80,31.0
81,0,0,1,9.8,10.0,81,20.0
82,0,0,1,9.8,10.0,82,19.0
83,0,0,1,9.8,10.0,83,15.0
84,0,0,1,9.8,10.0,84,23.0
85,0,0,1,9.8,10.0,85,22.0
86,0,0,1,9.8,10.0,86,29.0
87,0,0,1,9.8,10.0,87,23.0
88,0,0,1,9.8,10.0,88,14.0
89,0,0,1,9.8,10.0,89,17.0
90,0,0,1,9.8,10.0,90,17.0
91,0,0,1,9.8,10.0,91,22.0
92,0,0,1,9.8,10.0,92,17.0
93,0,0,1,9.8,10.0,93,17.0
94,0,0,1,9.8,10.0,94,29.0
95,0,0,1,9.8,10.0,95,15.0
96,0,0,1,9.8,10.0,96,30.0
97,0,0,1,9.8,10.0,97,19.0
98,0,0,1,9.8,10.0,98,21.0
99,0,0,1,9.8,10.0,99,20.0
100,0,0,1,9.8,10.0,100,30.0
101,0,0,1,9.8,10.0,101,32.0
102,0,0,1,9.8,10.0,102,82.0
103,0,0,1,9.8,10.0,103,25.0
104,0,0,1,9.8,10.0,104,19.0
105,0,0,1,9.8,10.0,105,18.0
106,0,0,1,9.8,10.0,106,20.0
107,0,0,1,9.8,10.0,107,13.0
108,0,0,1,9.8,10.0,108,21.0
109,0,0,1,9.8,10.0,109,21.0
110,0,0,1,9.8,10.0,110,20.0
111,0,0,1,9.8,10.0,111,13.0
112,0,0,1,9.8,10.0,112,21.0
113,0,0,1,9.8,10.0,113,18.0
114,0,0,1,9.8,10.0,114,13.0
115,0,0,1,9.8,10.0,115,13.0
116,0,0,1,9.8,10.0,116,18.0
117,0,0,1,9.8,10.0,117,18.0
118,0,0,1,9.8,10.0,118,15.0
119,0,0,1,9.8,10.0,119,19.0
120,0,0,1,9.8,10.0,120,26.0
121,0,0,1,9.8,10.0,121,43.0
122,0,0,1,9.8,10.0,122,19.0
123,0,0,1,9.8,10.0,123,13.0
124,0,0,1,9.8,10.0,124,18.0
125,0,0,1,9.8,10.0,125,21.0
126,0,0,1,9.8,10.0,126,18.0
127,0,0,1,9.8,10.0,127,32.0
128,0,0,1,9.8,10.0,128,19.0
129,0,0,1,9.8,10.0,129,13.0
130,0,0,1,9.8,10.0,130,53.0
131,0,0,1,9.8,10.0,131,16.0
132,0,0,1,9.8,10.0,132,24.0
133,0,0,1,9.8,10.0,133,25.0
134,0,0,1,9.8,10.0,134,21.0
135,0,0,1,9.8,10.0,135,13.0
136,0,0,1,9.8,10.0,136,59.0
137,0,0,1,9.8,10.0,137,22.0
138,0,0,1,9.8,10.0,138,21.0
139,0,0,1,9.8,10.0,139,54.0
140,0,0,1,9.8,10.0,140,18.0
141,0,0,1,9.8,10.0,141,17.0
142,0,0,1,9.8,10.0,142,18.0
143,0,0,1,9.8,10.0,143,15.0
144,0,0,1,9.8,10.0,144,14.0
145,0,0,1,9.8,10.0,145,20.0
146,0,0,1,9.8,10.0,146,20.0
147,0,0,1,9.8,10.0,147,23.0
148,0,0,1,9.8,10.0,148,18.0
149,0,0,1,9.8,10.0,149,20.0
150,0,0,1,9.8,10.0,150,30.0
151,0,0,1,9.8,10.0,151,19.0
152,0,0,1,9.8,10.0,152,26.0
153,0,0,1,9.8,10.0,153,22.0
154,0,0,1,9.8,10.0,154,15.0
155,0,0,1,9.8,10.0,155,15.0
156,0,0,1,9.8,10.0,156,32.0
157,0,0,1,9.8,10.0,157,57.0
158,0,0,1,9.8,10.0,158,15.0
159,0,0,1,9.8,10.0,159,16.0
160,0,0,1,9.8,10.0,160,18.0
161,0,0,1,9.8,10.0,161,18.0
162,0,0,1,9.8,10.0,162,20.0
163,0,0,1,9.8,10.0,163,20.0
164,0,0,1,9.8,10.0,164,34.0
165,0,0,1,9.8,10.0,165,23.0
166,0,0,1,9.8,10.0,166,20.0
167,0,0,1,9.8,10.0,167,17.0
168,0,0,1,9.8,10.0,168,14.0
169,0,0,1,9.8,10.0,169,16.0
170,0,0,1,9.8,10.0,170,12.0
171,0,0,1,9.8,10.0,171,18.0
172,0,0,1,9.8,10.0,172,14.0
173,0,0,1,9.8,10.0,173,19.0
174,0,0,1,9.8,10.0,174,17.0
175,0,0,1,9.8,10.0,175,18.0
176,0,0,1,9.8,10.0,176,15.0
177,0,0,1,9.8,10.0,177,15.0
178,0,0,1,9.8,10.0,178,17.0
179,0,0,1,9.8,10.0,179,21.0
180,0,0,1,9.8,10.0,180,18.0
181,0,0,1,9.8,10.0,181,17.0
182,0,0,1,9.8,10.0,182,16.0
183,0,0,1,9.8,10.0,183,12.0
184,0,0,1,9.8,10.0,184,12.0
185,0,0,1,9.8,10.0,185,12.0
186,0,0,1,9.8,10.0,186,22.0
187,0,0,1,9.8,10.0,187,13.0
188,0,0,1,9.8,10.0,188,16.0
189,0,0,1,9.8,10.0,189,16.0
190,0,0,1,9.8,10.0,190,13.0
191,0,0,1,9.8,10.0,191,20.0
192,0,0,1,9.8,10.0,192,17.0
193,0,0,1,9.8,10.0,193,14.0
194,0,0,1,9.8,10.0,194,13.0
195,0,0,1,9.8,10.0,195,15.0
196,0,0,1,9.8,10.0,196,16.0
197,0,0,1,9.8,10.0,197,13.0
198,0,0,1,9.8,10.0,198,15.0
199,0,0,1,9.8,10.0,199,15.0
200,0,0,1,9.8,10.0,200,15.0
201,0,0,1,9.8,10.0,201,16.0
202,0,0,1,9.8,10.0,202,13.0
203,0,0,1,9.8,10.0,203,15.0
204,0,0,1,9.8,10.0,204,17.0
205,0,0,1,9.8,10.0,205,40.0
206,0,0,1,9.8,10.0,206,24.0
207,0,0,1,9.8,10.0,207,17.0
208,0,0,1,9.8,10.0,208,19.0
209,0,0,1,9.8,10.0,209,14.0
210,0,0,1,9.8,10.0,210,16.0
211,0,0,1,9.8,10.0,211,15.0
212,0,0,1,9.8,10.0,212,14.0
213,0,0,1,9.8,10.0,213,15.0
214,0,0,1,9.8,10.0,214,13.0
215,0,0,1,9.8,10.0,215,22.0
216,0,0,1,9.8,10.0,216,17.0
217,0,0,1,9.8,10.0,217,11.0
218,0,0,1,9.8,10.0,218,15.0
219,0,0,1,9.8,10.0,219,17.0
220,0,0,1,9.8,10.0,220,15.0
221,0,0,1,9.8,10.0,221,16.0
222,0,0,1,9.8,10.0,222,14.0
223,0,0,1,9.8,10.0,223,13.0
224,0,0,1,9.8,10.0,224,20.0
225,0,0,1,9.8,10.0,225,21.0
226,0,0,1,9.8,10.0,226,24.0
227,0,0,1,9.8,10.0,227,12.0
228,0,0,1,9.8,10.0,228,14.0
229,0,0,1,9.8,10.0,229,19.0
230,0,0,1,9.8,10.0,230,15.0
231,0,0,1,9.8,10.0,231,13.0
232,0,0,1,9.8,10.0,232,15.0
233,0,0,1,9.8,10.0,233,13.0
234,0,0,1,9.8,10.0,234,14.0
235,0,0,1,9.8,10.0,235,15.0
236,0,0,1,9.8,10.0,236,18.0
237,0,0,1,9.8,10.0,237,14.0
238,0,0,1,9.8,10.0,238,18.0
239,0,0,1,9.8,10.0,239,15.0
240,0,0,1,9.8,10.0,240,17.0
241,0,0,1,9.8,10.0,241,15.0
242,0,0,1,9.8,10.0,242,23.0
243,0,0,1,9.8,10.0,243,14.0
244,0,0,1,9.8,10.0,244,14.0
245,0,0,1,9.8,10.0,245,17.0
246,0,0,1,9.8,10.0,246,18.0
247,0,0,1,9.8,10.0,247,16.0
248,0,0,1,9.8,10.0,248,18.0
249,0,0,1,9.8,10.0,249,13.0
250,0,0,1,9.8,10.0,250,13.0
251,0,0,1,9.8,10.0,251,13.0
252,0,0,1,9.8,10.0,252,20.0
253,0,0,1,9.8,10.0,253,13.0
254,0,0,1,9.8,10.0,254,15.0
255,0,0,1,9.8,10.0,255,15.0
256,0,0,1,9.8,10.0,256,16.0
257,0,0,1,9.8,10.0,257,11.0
258,0,0,1,9.8,10.0,258,13.0
259,0,0,1,9.8,10.0,259,15.0
260,0,0,1,9.8,10.0,260,14.0
261,0,0,1,9.8,10.0,261,20.0
262,0,0,1,9.8,10.0,262,15.0
263,0,0,1,9.8,10.0,263,14.0
264,0,0,1,9.8,10.0,264,14.0
265,0,0,1,9.8,10.0,265,12.0
266,0,0,1,9.8,10.0,266,13.0
267,0,0,1,9.8,10.0,267,16.0
268,0,0,1,9.8,10.0,268,13.0
269,0,0,1,9.8,10.0,269,12.0
270,0,0,1,9.8,10.0,270,22.0
271,0,0,1,9.8,10.0,271,15.0
272,0,0,1,9.8,10.0,272,18.0
273,0,0,1,9.8,10.0,273,14.0
274,0,0,1,9.8,10.0,274,11.0
275,0,0,1,9.8,10.0,275,13.0
276,0,0,1,9.8,10.0,276,16.0
277,0,0,1,9.8,10.0,277,13.0
278,0,0,1,9.8,10.0,278,14.0
279,0,0,1,9.8,10.0,279,15.0
280,0,0,1,9.8,10.0,280,16.0
281,0,0,1,9.8,10.0,281,12.0
282,0,0,1,9.8,10.0,282,15.0
283,0,0,1,9.8,10.0,283,14.0
284,0,0,1,9.8,10.0,284,23.0
285,0,0,1,9.8,10.0,285,12.0
286,0,0,1,9.8,10.0,286,16.0
287,0,0,1,9.8,10.0,287,17.0
288,0,0,1,9.8,10.0,288,15.0
289,0,0,1,9.8,10.0,289,18.0
290,0,0,1,9.8,10.0,290,16.0
291,0,0,1,9.8,10.0,291,14.0
292,0,0,1,9.8,10.0,292,13.0
293,0,0,1,9.8,10.0,293,16.0
294,0,0,1,9.8,10.0,294,13.0
295,0,0,1,9.8,10.0,295,15.0
296,0,0,1,9.8,10.0,296,15.0
297,0,0,1,9.8,10.0,297,23.0
298,0,0,1,9.8,10.0,298,11.0
299,0,0,1,9.8,10.0,299,14.0
300,0,0,1,9.8,10.0,300,24.0
301,0,0,1,9.8,10.0,301,13.0
302,0,0,1,9.8,10.0,302,13.0
303,0,0,1,9.8,10.0,303,17.0
304,0,0,1,9.8,10.0,304,12.0
305,0,0,1,9.8,10.0,305,19.0
306,0,0,1,9.8,10.0,306,27.0
307,0,0,1,9.8,10.0,307,14.0
308,0,0,1,9.8,10.0,308,13.0
309,0,0,1,9.8,10.0,309,13.0
310,0,0,1,9.8,10.0,310,14.0
311,0,0,1,9.8,10.0,311,15.0
312,0,0,1,9.8,10.0,312,13.0
313,0,0,1,9.8,10.0,313,23.0
314,0,0,1,9.8,10.0,314,23.0
315,0,0,1,9.8,10.0,315,21.0
316,0,0,1,9.8,10.0,316,15.0
317,0,0,1,9.8,10.0,317,12.0
318,0,0,1,9.8,10.0,318,14.0
319,0,0,1,9.8,10.0,319,14.0
320,0,0,1,9.8,10.0,320,12.0
321,0,0,1,9.8,10.0,321,13.0
322,0,0,1,9.8,10.0,322,14.0
323,0,0,1,9.8,10.0,323,16.0
324,0,0,1,9.8,10.0,324,32.0
325,0,0,1,9.8,10.0,325,22.0
326,0,0,1,9.8,10.0,326,14.0
327,0,0,1,9.8,10.0,327,15.0
328,0,0,1,9.8,10.0,328,18.0
329,0,0,1,9.8,10.0,329,14.0
330,0,0,1,9.8,10.0,330,17.0
331,0,0,1,9.8,10.0,331,16.0
332,0,0,1,9.8,10.0,332,18.0
333,0,0,1,9.8,10.0,333,14.0
334,0,0,1,9.8,10.0,334,13.0
335,0,0,1,9.8,10.0,335,15.0
336,0,0,1,9.8,10.0,336,22.0
337,0,0,1,9.8,10.0,337,25.0
338,0,0,1,9.8,10.0,338,14.0
339,0,0,1,9.8,10.0,339,17.0
340,0,0,1,9.8,10.0,340,19.0
341,0,0,1,9.8,10.0,341,19.0
342,0,0,1,9.8,10.0,342,24.0
343,0,0,1,9.8,10.0,343,13.0
344,0,0,1,9.8,10.0,344,12.0
345,0,0,1,9.8,10.0,345,16.0
346,0,0,1,9.8,10.0,346,20.0
347,0,0,1,9.8,10.0,347,25.0
348,0,0,1,9.8,10.0,348,15.0
349,0,0,1,9.8,10.0,349,16.0
350,0,0,1,9.8,10.0,350,11.0
351,0,0,1,9.8,10.0,351,17.0
352,0,0,1,9.8,10.0,352,18.0
353,0,0,1,9.8,10.0,353,11.0
354,0,0,1,9.8,10.0,354,16.0
355,0,0,1,9.8,10.0,355,13.0
356,0,0,1,9.8,10.0,356,16.0
357,0,0,1,9.8,10.0,357,17.0
358,0,0,1,9.8,10.0,358,20.0
359,0,0,1,9.8,10.0,359,13.0
360,0,0,1,9.8,10.0,360,14.0
361,0,0,1,9.8,10.0,361,13.0
362,0,0,1,9.8,10.0,362,14.0
363,0,0,1,9.8,10.0,363,17.0
364,0,0,1,9.8,10.0,364,25.0
365,0,0,1,9.8,10.0,365,12.0
366,0,0,1,9.8,10.0,366,12.0
367,0,0,1,9.8,10.0,367,16.0
368,0,0,1,9.8,10.0,368,16.0
369,0,0,1,9.8,10.0,369,16.0
370,0,0,1,9.8,10.0,370,25.0
371,0,0,1,9.8,10.0,371,20.0
372,0,0,1,9.8,10.0,372,14.0
373,0,0,1,9.8,10.0,373,14.0
374,0,0,1,9.8,10.0,374,14.0
375,0,0,1,9.8,10.0,375,16.0
376,0,0,1,9.8,10.0,376,15.0
377,0,0,1,9.8,10.0,377,24.0
378,0,0,1,9.8,10.0,378,15.0
379,0,0,1,9.8,10.0,379,15.0
380,0,0,1,9.8,10.0,380,14.0
381,0,0,1,9.8,10.0,381,19.0
382,0,0,1,9.8,10.0,382,15.0
383,0,0,1,9.8,10.0,383,14.0
384,0,0,1,9.8,10.0,384,14.0
385,0,0,1,9.8,10.0,385,15.0
386,0,0,1,9.8,10.0,386,11.0
387,0,0,1,9.8,10.0,387,12.0
388,0,0,1,9.8,10.0,388,13.0
389,0,0,1,9.8,10.0,389,19.0
390,0,0,1,9.8,10.0,390,43.0
391,0,0,1,9.8,10.0,391,12.0
392,0,0,1,9.8,10.0,392,12.0
393,0,0,1,9.8,10.0,393,12.0
394,0,0,1,9.8,10.0,394,18.0
395,0,0,1,9.8,10.0,395,17.0
396,0,0,1,9.8,10.0,396,17.0
397,0,0,1,9.8,10.0,397,20.0
398,0,0,1,9.8,10.0,398,13.0
399,0,0,1,9.8,10.0,399,17.0
400,0,0,1,9.8,10.0,400,18.0
401,0,0,1,9.8,10.0,401,23.0
402,0,0,1,9.8,10.0,402,13.0
403,0,0,1,9.8,10.0,403,15.0
404,0,0,1,9.8,10.0,404,25.0
405,0,0,1,9.8,10.0,405,13.0
406,0,0,1,9.8,10.0,406,21.0
407,0,0,1,9.8,10.0,407,14.0
408,0,0,1,9.8,10.0,408,17.0
409,0,0,1,9.8,10.0,409,17.0
410,0,0,1,9.8,10.0,410,19.0
411,0,0,1,9.8,10.0,411,20.0
412,0,0,1,9.8,10.0,412,14.0
413,0,0,1,9.8,10.0,413,14.0
414,0,0,1,9.8,10.0,414,16.0
415,0,0,1,9.8,10.0,415,12.0
416,0,0,1,9.8,10.0,416,18.0
417,0,0,1,9.8,10.0,417,16.0
418,0,0,1,9.8,10.0,418,16.0
419,0,0,1,9.8,10.0,419,12.0
420,0,0,1,9.8,10.0,420,16.0
421,0,0,1,9.8,10.0,421,15.0
422,0,0,1,9.8,10.0,422,17.0
423,0,0,1,9.8,10.0,423,15.0
424,0,0,1,9.8,10.0,424,28.0
425,0,0,1,9.8,10.0,425,12.0
426,0,0,1,9.8,10.0,426,18.0
427,0,0,1,9.8,10.0,427,17.0
428,0,0,1,9.8,10.0,428,13.0
429,0,0,1,9.8,10.0,429,15.0
430,0,0,1,9.8,10.0,430,17.0
431,0,0,1,9.8,10.0,431,13.0
432,0,0,1,9.8,10.0,432,13.0
433,0,0,1,9.8,10.0,433,13.0
434,0,0,1,9.8,10.0,434,19.0
435,0,0,1,9.8,10.0,435,13.0
436,0,0,1,9.8,10.0,436,15.0
437,0,0,1,9.8,10.0,437,13.0
438,0,0,1,9.8,10.0,438,16.0
439,0,0,1,9.8,10.0,439,19.0
440,0,0,1,9.8,10.0,440,13.0
441,0,0,1,9.8,10.0,441,14.0
442,0,0,1,9.8,10.0,442,28.0
443,0,0,1,9.8,10.0,443,20.0
444,0,0,1,9.8,10.0,444,12.0
445,0,0,1,9.8,10.0,445,14.0
446,0,0,1,9.8,10.0,446,12.0
447,0,0,1,9.8,10.0,447,14.0
448,0,0,1,9.8,10.0,448,13.0
449,0,0,1,9.8,10.0,449,20.0
450,0,0,1,9.8,10.0,450,20.0
451,0,0,1,9.8,10.0,451,15.0
452,0,0,1,9.8,10.0,452,24.0
453,0,0,1,9.8,10.0,453,13.0
454,0,0,1,9.8,10.0,454,13.0
455,0,0,1,9.8,10.0,455,12.0
456,0,0,1,9.8,10.0,456,17.0
457,0,0,1,9.8,10.0,457,15.0
458,0,0,1,9.8,10.0,458,13.0
459,0,0,1,9.8,10.0,459,15.0
460,0,0,1,9.8,10.0,460,13.0
461,0,0,1,9.8,10.0,461,15.0
462,0,0,1,9.8,10.0,462,30.0
463,0,0,1,9.8,10.0,463,12.0
464,0,0,1,9.8,10.0,464,13.0
465,0,0,1,9.8,10.0,465,15.0
466,0,0,1,9.8,10.0,466,14.0
467,0,0,1,9.8,10.0,467,12.0
468,0,0,1,9.8,10.0,468,13.0
469,0,0,1,9.8,10.0,469,11.0
470,0,0,1,9.8,10.0,470,15.0
471,0,0,1,9.8,10.0,471,12.0
472,0,0,1,9.8,10.0,472,12.0
473,0,0,1,9.8,10.0,473,12.0
474,0,0,1,9.8,10.0,474,13.0
475,0,0,1,9.8,10.0,475,15.0
476,0,0,1,9.8,10.0,476,15.0
477,0,0,1,9.8,10.0,477,12.0
478,0,0,1,9.8,10.0,478,14.0
479,0,0,1,9.8,10.0,479,12.0
480,0,0,1,9.8,10.0,480,12.0
481,0,0,1,9.8,10.0,481,14.0
482,0,0,1,9.8,10.0,482,13.0
483,0,0,1,9.8,10.0,483,21.0
484,0,0,1,9.8,10.0,484,13.0
485,0,0,1,9.8,10.0,485,12.0
486,0,0,1,9.8,10.0,486,13.0
487,0,0,1,9.8,10.0,487,15.0
488,0,0,1,9.8,10.0,488,14.0
489,0,0,1,9.8,10.0,489,15.0
490,0,0,1,9.8,10.0,490,12.0
491,0,0,1,9.8,10.0,491,14.0
492,0,0,1,9.8,10.0,492,16.0
493,0,0,1,9.8,10.0,493,18.0
494,0,0,1,9.8,10.0,494,14.0
495,0,0,1,9.8,10.0,495,13.0
496,0,0,1,9.8,10.0,496,14.0
497,0,0,1,9.8,10.0,497,19.0
498,0,0,1,9.8,10.0,498,15.0
499,0,0,1,9.8,10.0,499,12.0
500,0,0,1,9.8,10.0,500,17.0
501,0,0,1,9.8,10.0,501,16.0
502,0,0,1,9.8,10.0,502,16.0
503,0,0,1,9.8,10.0,503,11.0
504,0,0,1,9.8,10.0,504,14.0
505,0,0,1,9.8,10.0,505,13.0
506,0,0,1,9.8,10.0,506,20.0
507,0,0,1,9.8,10.0,507,13.0
508,0,0,1,9.8,10.0,508,17.0
509,0,0,1,9.8,10.0,509,17.0
510,0,0,1,9.8,10.0,510,12.0
511,0,0,1,9.8,10.0,511,16.0
512,0,0,1,9.8,10.0,512,12.0
513,0,0,1,9.8,10.0,513,13.0
514,0,0,1,9.8,10.0,514,14.0
515,0,0,1,9.8,10.0,515,14.0
516,0,0,1,9.8,10.0,516,14.0
517,0,0,1,9.8,10.0,517,17.0
518,0,0,1,9.8,10.0,518,16.0
519,0,0,1,9.8,10.0,519,17.0
520,0,0,1,9.8,10.0,520,14.0
521,0,0,1,9.8,10.0,521,17.0
522,0,0,1,9.8,10.0,522,13.0
523,0,0,1,9.8,10.0,523,12.0
524,0,0,1,9.8,10.0,524,18.0
525,0,0,1,9.8,10.0,525,14.0
526,0,0,1,9.8,10.0,526,11.0
527,0,0,1,9.8,10.0,527,11.0
528,0,0,1,9.8,10.0,528,14.0
529,0,0,1,9.8,10.0,529,12.0
530,0,0,1,9.8,10.0,530,12.0
531,0,0,1,9.8,10.0,531,13.0
532,0,0,1,9.8,10.0,532,14.0
533,0,0,1,9.8,10.0,533,14.0
534,0,0,1,9.8,10.0,534,11.0
535,0,0,1,9.8,10.0,535,14.0
536,0,0,1,9.8,10.0,536,12.0
537,0,0,1,9.8,10.0,537,14.0
538,0,0,1,9.8,10.0,538,13.0
539,0,0,1,9.8,10.0,539,13.0
540,0,0,1,9.8,10.0,540,14.0
541,0,0,1,9.8,10.0,541,11.0
542,0,0,1,9.8,10.0,542,14.0
543,0,0,1,9.8,10.0,543,19.0
544,0,0,1,9.8,10.0,544,12.0
545,0,0,1,9.8,10.0,545,17.0
546,0,0,1,9.8,10.0,546,14.0
547,0,0,1,9.8,10.0,547,15.0
548,0,0,1,9.8,10.0,548,17.0
549,0,0,1,9.8,10.0,549,15.0
550,0,0,1,9.8,10.0,550,14.0
551,0,0,1,9.8,10.0,551,12.0
552,0,0,1,9.8,10.0,552,12.0
553,0,0,1,9.8,10.0,553,16.0
554,0,0,1,9.8,10.0,554,13.0
555,0,0,1,9.8,10.0,555,13.0
556,0,0,1,9.8,10.0,556,15.0
557,0,0,1,9.8,10.0,557,12.0
558,0,0,1,9.8,10.0,558,11.0
559,0,0,1,9.8,10.0,559,14.0
560,0,0,1,9.8,10.0,560,12.0
561,0,0,1,9.8,10.0,561,13.0
562,0,0,1,9.8,10.0,562,14.0
563,0,0,1,9.8,10.0,563,12.0
564,0,0,1,9.8,10.0,564,13.0
565,0,0,1,9.8,10.0,565,16.0
566,0,0,1,9.8,10.0,566,18.0
567,0,0,1,9.8,10.0,567,15.0
568,0,0,1,9.8,10.0,568,14.0
569,0,0,1,9.8,10.0,569,14.0
570,0,0,1,9.8,10.0,570,11.0
571,0,0,1,9.8,10.0,571,14.0
572,0,0,1,9.8,10.0,572,13.0
573,0,0,1,9.8,10.0,573,14.0
574,0,0,1,9.8,10.0,574,15.0
575,0,0,1,9.8,10.0,575,14.0
576,0,0,1,9.8,10.0,576,13.0
577,0,0,1,9.8,10.0,577,11.0
578,0,0,1,9.8,10.0,578,13.0
579,0,0,1,9.8,10.0,579,14.0
580,0,0,1,9.8,10.0,580,15.0
581,0,0,1,9.8,10.0,581,15.0
582,0,0,1,9.8,10.0,582,12.0
583,0,0,1,9.8,10.0,583,17.0
584,0,0,1,9.8,10.0,584,11.0
585,0,0,1,9.8,10.0,585,17.0
586,0,0,1,9.8,10.0,586,15.0
587,0,0,1,9.8,10.0,587,18.0
588,0,0,1,9.8,10.0,588,16.0
589,0,0,1,9.8,10.0,589,14.0
590,0,0,1,9.8,10.0,590,14.0
591,0,0,1,9.8,10.0,591,13.0
592,0,0,1,9.8,10.0,592,15.0
593,0,0,1,9.8,10.0,593,16.0
594,0,0,1,9.8,10.0,594,12.0
595,0,0,1,9.8,10.0,595,11.0
596,0,0,1,9.8,10.0,596,14.0
597,0,0,1,9.8,10.0,597,11.0
598,0,0,1,9.8,10.0,598,15.0
599,0,0,1,9.8,10.0,599,14.0
600,0,0,1,9.8,10.0,600,14.0
601,0,0,1,9.8,10.0,601,17.0
602,0,0,1,9.8,10.0,602,17.0
603,0,0,1,9.8,10.0,603,13.0
604,0,0,1,9.8,10.0,604,11.0
605,0,0,1,9.8,10.0,605,21.0
606,0,0,1,9.8,10.0,606,16.0
607,0,0,1,9.8,10.0,607,13.0
608,0,0,1,9.8,10.0,608,14.0
609,0,0,1,9.8,10.0,609,12.0
610,0,0,1,9.8,10.0,610,20.0
611,0,0,1,9.8,10.0,611,16.0
612,0,0,1,9.8,10.0,612,17.0
613,0,0,1,9.8,10.0,613,19.0
614,0,0,1,9.8,10.0,614,18.0
615,0,0,1,9.8,10.0,615,18.0
616,0,0,1,9.8,10.0,616,12.0
617,0,0,1,9.8,10.0,617,15.0
618,0,0,1,9.8,10.0,618,18.0
619,0,0,1,9.8,10.0,619,14.0
620,0,0,1,9.8,10.0,620,18.0
621,0,0,1,9.8,10.0,621,13.0
622,0,0,1,9.8,10.0,622,15.0
623,0,0,1,9.8,10.0,623,13.0
624,0,0,1,9.8,10.0,624,17.0
625,0,0,1,9.8,10.0,625,17.0
626,0,0,1,9.8,10.0,626,14.0
627,0,0,1,9.8,10.0,627,19.0
628,0,0,1,9.8,10.0,628,13.0
629,0,0,1,9.8,10.0,629,18.0
630,0,0,1,9.8,10.0,630,21.0
631,0,0,1,9.8,10.0,631,16.0
632,0,0,1,9.8,10.0,632,15.0
633,0,0,1,9.8,10.0,633,15.0
634,0,0,1,9.8,10.0,634,12.0
635,0,0,1,9.8,10.0,635,13.0
636,0,0,1,9.8,10.0,636,20.0
637,0,0,1,9.8,10.0,637,19.0
638,0,0,1,9.8,10.0,638,18.0
639,0,0,1,9.8,10.0,639,15.0
640,0,0,1,9.8,10.0,640,17.0
641,0,0,1,9.8,10.0,641,21.0
642,0,0,1,9.8,10.0,642,21.0
643,0,0,1,9.8,10.0,643,13.0
644,0,0,1,9.8,10.0,644,18.0
645,0,0,1,9.8,10.0,645,17.0
646,0,0,1,9.8,10.0,646,21.0
647,0,0,1,9.8,10.0,647,16.0
648,0,0,1,9.8,10.0,648,16.0
649,0,0,1,9.8,10.0,649,17.0
650,0,0,1,9.8,10.0,650,15.0
651,0,0,1,9.8,10.0,651,14.0
652,0,0,1,9.8,10.0,652,18.0
653,0,0,1,9.8,10.0,653,12.0
654,0,0,1,9.8,10.0,654,15.0
655,0,0,1,9.8,10.0,655,22.0
656,0,0,1,9.8,10.0,656,20.0
657,0,0,1,9.8,10.0,657,16.0
658,0,0,1,9.8,10.0,658,23.0
659,0,0,1,9.8,10.0,659,17.0
660,0,0,1,9.8,10.0,660,18.0
661,0,0,1,9.8,10.0,661,12.0
662,0,0,1,9.8,10.0,662,17.0
663,0,0,1,9.8,10.0,663,16.0
664,0,0,1,9.8,10.0,664,14.0
665,0,0,1,9.8,10.0,665,15.0
666,0,0,1,9.8,10.0,666,24.0
667,0,0,1,9.8,10.0,667,14.0
668,0,0,1,9.8,10.0,668,22.0
669,0,0,1,9.8,10.0,669,17.0
670,0,0,1,9.8,10.0,670,13.0
671,0,0,1,9.8,10.0,671,19.0
672,0,0,1,9.8,10.0,672,17.0
673,0,0,1,9.8,10.0,673,18.0
674,0,0,1,9.8,10.0,674,20.0
675,0,0,1,9.8,10.0,675,16.0
676,0,0,1,9.8,10.0,676,16.0
677,0,0,1,9.8,10.0,677,20.0
678,0,0,1,9.8,10.0,678,19.0
679,0,0,1,9.8,10.0,679,14.0
680,0,0,1,9.8,10.0,680,18.0
681,0,0,1,9.8,10.0,681,16.0
682,0,0,1,9.8,10.0,682,15.0
683,0,0,1,9.8,10.0,683,25.0
684,0,0,1,9.8,10.0,684,17.0
685,0,0,1,9.8,10.0,685,14.0
686,0,0,1,9.8,10.0,686,15.0
687,0,0,1,9.8,10.0,687,16.0
688,0,0,1,9.8,10.0,688,18.0
689,0,0,1,9.8,10.0,689,14.0
690,0,0,1,9.8,10.0,690,23.0
691,0,0,1,9.8,10.0,691,15.0
692,0,0,1,9.8,10.0,692,13.0
693,0,0,1,9.8,10.0,693,16.0
694,0,0,1,9.8,10.0,694,14.0
695,0,0,1,9.8,10.0,695,34.0
696,0,0,1,9.8,10.0,696,15.0
697,0,0,1,9.8,10.0,697,15.0
698,0,0,1,9.8,10.0,698,13.0
699,0,0,1,9.8,10.0,699,17.0
700,0,0,1,9.8,10.0,700,17.0
701,0,0,1,9.8,10.0,701,31.0
702,0,0,1,9.8,10.0,702,12.0
703,0,0,1,9.8,10.0,703,15.0
704,0,0,1,9.8,10.0,704,21.0
705,0,0,1,9.8,10.0,705,32.0
706,0,0,1,9.8,10.0,706,13.0
707,0,0,1,9.8,10.0,707,19.0
708,0,0,1,9.8,10.0,708,15.0
709,0,0,1,9.8,10.0,709,20.0
710,0,0,1,9.8,10.0,710,15.0
711,0,0,1,9.8,10.0,711,19.0
712,0,0,1,9.8,10.0,712,19.0
713,0,0,1,9.8,10.0,713,16.0
714,0,0,1,9.8,10.0,714,15.0
715,0,0,1,9.8,10.0,715,15.0
716,0,0,1,9.8,10.0,716,14.0
717,0,0,1,9.8,10.0,717,31.0
718,0,0,1,9.8,10.0,718,24.0
719,0,0,1,9.8,10.0,719,20.0
720,0,0,1,9.8,10.0,720,35.0
721,0,0,1,9.8,10.0,721,15.0
722,0,0,1,9.8,10.0,722,22.0
723,0,0,1,9.8,10.0,723,20.0
724,0,0,1,9.8,10.0,724,15.0
725,0,0,1,9.8,10.0,725,19.0
726,0,0,1,9.8,10.0,726,20.0
727,0,0,1,9.8,10.0,727,19.0
728,0,0,1,9.8,10.0,728,17.0
729,0,0,1,9.8,10.0,729,23.0
730,0,0,1,9.8,10.0,730,18.0
731,0,0,1,9.8,10.0,731,20.0
732,0,0,1,9.8,10.0,732,21.0
733,0,0,1,9.8,10.0,733,16.0
734,0,0,1,9.8,10.0,734,23.0
735,0,0,1,9.8,10.0,735,16.0
736,0,0,1,9.8,10.0,736,21.0
737,0,0,1,9.8,10.0,737,14.0
738,0,0,1,9.8,10.0,738,21.0
739,0,0,1,9.8,10.0,739,18.0
740,0,0,1,9.8,10.0,740,23.0
741,0,0,1,9.8,10.0,741,21.0
742,0,0,1,9.8,10.0,742,16.0
743,0,0,1,9.8,10.0,743,21.0
744,0,0,1,9.8,10.0,744,21.0
745,0,0,1,9.8,10.0,745,16.0
746,0,0,1,9.8,10.0,746,23.0
747,0,0,1,9.8,10.0,747,15.0
748,0,0,1,9.8,10.0,748,15.0
749,0,0,1,9.8,10.0,749,15.0
750,0,0,1,9.8,10.0,750,15.0
751,0,0,1,9.8,10.0,751,20.0
752,0,0,1,9.8,10.0,752,19.0
753,0,0,1,9.8,10.0,753,23.0
754,0,0,1,9.8,10.0,754,23.0
755,0,0,1,9.8,10.0,755,20.0
756,0,0,1,9.8,10.0,756,20.0
757,0,0,1,9.8,10.0,757,21.0
758,0,0,1,9.8,10.0,758,17.0
759,0,0,1,9.8,10.0,759,24.0
760,0,0,1,9.8,10.0,760,18.0
761,0,0,1,9.8,10.0,761,26.0
762,0,0,1,9.8,10.0,762,22.0
763,0,0,1,9.8,10.0,763,16.0
764,0,0,1,9.8,10.0,764,17.0
765,0,0,1,9.8,10.0,765,21.0
766,0,0,1,9.8,10.0,766,22.0
767,0,0,1,9.8,10.0,767,22.0
768,0,0,1,9.8,10.0,768,27.0
769,0,0,1,9.8,10.0,769,20.0
770,0,0,1,9.8,10.0,770,19.0
771,0,0,1,9.8,10.0,771,21.0
772,0,0,1,9.8,10.0,772,20.0
773,0,0,1,9.8,10.0,773,18.0
774,0,0,1,9.8,10.0,774,21.0
775,0,0,1,9.8,10.0,775,17.0
776,0,0,1,9.8,10.0,776,15.0
777,0,0,1,9.8,10.0,777,17.0
778,0,0,1,9.8,10.0,778,22.0
779,0,0,1,9.8,10.0,779,17.0
780,0,0,1,9.8,10.0,780,17.0
781,0,0,1,9.8,10.0,781,22.0
782,0,0,1,9.8,10.0,782,22.0
783,0,0,1,9.8,10.0,783,17.0
784,0,0,1,9.8,10.0,784,24.0
785,0,0,1,9.8,10.0,785,14.0
786,0,0,1,9.8,10.0,786,13.0
787,0,0,1,9.8,10.0,787,15.0
788,0,0,1,9.8,10.0,788,23.0
789,0,0,1,9.8,10.0,789,21.0
790,0,0,1,9.8,10.0,790,19.0
791,0,0,1,9.8,10.0,791,15.0
792,0,0,1,9.8,10.0,792,15.0
793,0,0,1,9.8,10.0,793,17.0
794,0,0,1,9.8,10.0,794,23.0
795,0,0,1,9.8,10.0,795,20.0
796,0,0,1,9.8,10.0,796,16.0
797,0,0,1,9.8,10.0,797,14.0
798,0,0,1,9.8,10.0,798,15.0
799,0,0,1,9.8,10.0,799,19.0
800,0,0,1,9.8,10.0,800,22.0
801,0,0,1,9.8,10.0,801,18.0
802,0,0,1,9.8,10.0,802,18.0
803,0,0,1,9.8,10.0,803,27.0
804,0,0,1,9.8,10.0,804,16.0
805,0,0,1,9.8,10.0,805,21.0
806,0,0,1,9.8,10.0,806,14.0
807,0,0,1,9.8,10.0,807,17.0
808,0,0,1,9.8,10.0,808,17.0
809,0,0,1,9.8,10.0,809,17.0
810,0,0,1,9.8,10.0,810,23.0
811,0,0,1,9.8,10.0,811,19.0
812,0,0,1,9.8,10.0,812,19.0
813,0,0,1,9.8,10.0,813,28.0
814,0,0,1,9.8,10.0,814,19.0
815,0,0,1,9.8,10.0,815,25.0
816,0,0,1,9.8,10.0,816,19.0
817,0,0,1,9.8,10.0,817,17.0
818,0,0,1,9.8,10.0,818,16.0
819,0,0,1,9.8,10.0,819,23.0
820,0,0,1,9.8,10.0,820,18.0
821,0,0,1,9.8,10.0,821,18.0
822,0,0,1,9.8,10.0,822,21.0
823,0,0,1,9.8,10.0,823,22.0
824,0,0,1,9.8,10.0,824,26.0
825,0,0,1,9.8,10.0,825,19.0
826,0,0,1,9.8,10.0,826,54.0
827,0,0,1,9.8,10.0,827,41.0
828,0,0,1,9.8,10.0,828,19.0
829,0,0,1,9.8,10.0,829,17.0
830,0,0,1,9.8,10.0,830,38.0
831,0,0,1,9.8,10.0,831,22.0
832,0,0,1,9.8,10.0,832,40.0
833,0,0,1,9.8,10.0,833,42.0
834,0,0,1,9.8,10.0,834,90.0
835,0,0,1,9.8,10.0,835,47.0
836,0,0,1,9.8,10.0,836,17.0
837,0,0,1,9.8,10.0,837,16.0
838,0,0,1,9.8,10.0,838,43.0
839,0,0,1,9.8,10.0,839,52.0
840,0,0,1,9.8,10.0,840,22.0
841,0,0,1,9.8,10.0,841,44.0
842,0,0,1,9.8,10.0,842,45.0
843,0,0,1,9.8,10.0,843,40.0
844,0,0,1,9.8,10.0,844,42.0
845,0,0,1,9.8,10.0,845,18.0
846,0,0,1,9.8,10.0,846,46.0
847,0,0,1,9.8,10.0,847,40.0
848,0,0,1,9.8,10.0,848,43.0
849,0,0,1,9.8,10.0,849,43.0
850,0,0,1,9.8,10.0,850,41.0
851,0,0,1,9.8,10.0,851,43.0
852,0,0,1,9.8,10.0,852,45.0
853,0,0,1,9.8,10.0,853,45.0
854,0,0,1,9.8,10.0,854,40.0
855,0,0,1,9.8,10.0,855,74.0
856,0,0,1,9.8,10.0,856,209.0
857,0,0,1,9.8,10.0,857,43.0
858,0,0,1,9.8,10.0,858,42.0
859,0,0,1,9.8,10.0,859,22.0
860,0,0,1,9.8,10.0,860,15.0
861,0,0,1,9.8,10.0,861,17.0
862,0,0,1,9.8,10.0,862,15.0
863,0,0,1,9.8,10.0,863,40.0
864,0,0,1,9.8,10.0,864,32.0
865,0,0,1,9.8,10.0,865,86.0
866,0,0,1,9.8,10.0,866,42.0
867,0,0,1,9.8,10.0,867,36.0
868,0,0,1,9.8,10.0,868,78.0
869,0,0,1,9.8,10.0,869,13.0
870,0,0,1,9.8,10.0,870,91.0
871,0,0,1,9.8,10.0,871,35.0
872,0,0,1,9.8,10.0,872,77.0
873,0,0,1,9.8,10.0,873,64.0
874,0,0,1,9.8,10.0,874,38.0
875,0,0,1,9.8,10.0,875,65.0
876,0,0,1,9.8,10.0,876,34.0
877,0,0,1,9.8,10.0,877,65.0
878,0,0,1,9.8,10.0,878,34.0
879,0,0,1,9.8,10.0,879,43.0
880,0,0,1,9.8,10.0,880,35.0
881,0,0,1,9.8,10.0,881,67.0
882,0,0,1,9.8,10.0,882,33.0
883,0,0,1,9.8,10.0,883,30.0
884,0,0,1,9.8,10.0,884,59.0
885,0,0,1,9.8,10.0,885,37.0
886,0,0,1,9.8,10.0,886,60.0
887,0,0,1,9.8,10.0,887,57.0
888,0,0,1,9.8,10.0,888,64.0
889,0,0,1,9.8,10.0,889,103.0
890,0,0,1,9.8,10.0,890,70.0
891,0,0,1,9.8,10.0,891,40.0
892,0,0,1,9.8,10.0,892,115.0
893,0,0,1,9.8,10.0,893,111.0
894,0,0,1,9.8,10.0,894,113.0
895,0,0,1,9.8,10.0,895,63.0
896,0,0,1,9.8,10.0,896,35.0
897,0,0,1,9.8,10.0,897,119.0
898,0,0,1,9.8,10.0,898,156.0
899,0,0,1,9.8,10.0,899,39.0
900,0,0,1,9.8,10.0,900,35.0
901,0,0,1,9.8,10.0,901,41.0
902,0,0,1,9.8,10.0,902,113.0
903,0,0,1,9.8,10.0,903,38.0
904,0,0,1,9.8,10.0,904,91.0
905,0,0,1,9.8,10.0,905,77.0
906,0,0,1,9.8,10.0,906,230.0
907,0,0,1,9.8,10.0,907,31.0
908,0,0,1,9.8,10.0,908,164.0
909,0,0,1,9.8,10.0,909,34.0
910,0,0,1,9.8,10.0,910,62.0
911,0,0,1,9.8,10.0,911,43.0
912,0,0,1,9.8,10.0,912,66.0
913,0,0,1,9.8,10.0,913,57.0
914,0,0,1,9.8,10.0,914,38.0
915,0,0,1,9.8,10.0,915,98.0
916,0,0,1,9.8,10.0,916,36.0
917,0,0,1,9.8,10.0,917,133.0
918,0,0,1,9.8,10.0,918,14.0
919,0,0,1,9.8,10.0,919,34.0
920,0,0,1,9.8,10.0,920,14.0
921,0,0,1,9.8,10.0,921,304.0
922,0,0,1,9.8,10.0,922,267.0
923,0,0,1,9.8,10.0,923,37.0
924,0,0,1,9.8,10.0,924,38.0
925,0,0,1,9.8,10.0,925,38.0
926,0,0,1,9.8,10.0,926,41.0
927,0,0,1,9.8,10.0,927,68.0
928,0,0,1,9.8,10.0,928,43.0
929,0,0,1,9.8,10.0,929,44.0
930,0,0,1,9.8,10.0,930,66.0
931,0,0,1,9.8,10.0,931,62.0
932,0,0,1,9.8,10.0,932,37.0
933,0,0,1,9.8,10.0,933,38.0
934,0,0,1,9.8,10.0,934,233.0
935,0,0,1,9.8,10.0,935,19.0
936,0,0,1,9.8,10.0,936,37.0
937,0,0,1,9.8,10.0,937,39.0
938,0,0,1,9.8,10.0,938,62.0
939,0,0,1,9.8,10.0,939,39.0
940,0,0,1,9.8,10.0,940,37.0
941,0,0,1,9.8,10.0,941,98.0
942,0,0,1,9.8,10.0,942,91.0
943,0,0,1,9.8,10.0,943,41.0
944,0,0,1,9.8,10.0,944,121.0
945,0,0,1,9.8,10.0,945,75.0
946,0,0,1,9.8,10.0,946,65.0
947,0,0,1,9.8,10.0,947,62.0
948,0,0,1,9.8,10.0,948,41.0
949,0,0,1,9.8,10.0,949,159.0
950,0,0,1,9.8,10.0,950,22.0
951,0,0,1,9.8,10.0,951,100.0
952,0,0,1,9.8,10.0,952,102.0
953,0,0,1,9.8,10.0,953,14.0
954,0,0,1,9.8,10.0,954,18.0
955,0,0,1,9.8,10.0,955,192.0
956,0,0,1,9.8,10.0,956,250.0
957,0,0,1,9.8,10.0,957,275.0
958,0,0,1,9.8,10.0,958,253.0
959,0,0,1,9.8,10.0,959,234.0
960,0,0,1,9.8,10.0,960,197.0
961,0,0,1,9.8,10.0,961,224.0
962,0,0,1,9.8,10.0,962,164.0
963,0,0,1,9.8,10.0,963,1000.0
964,0,0,1,9.8,10.0,964,186.0
965,0,0,1,9.8,10.0,965,174.0
966,0,0,1,9.8,10.0,966,100.0
967,0,0,1,9.8,10.0,967,178.0
968,0,0,1,9.8,10.0,968,187.0
969,0,0,1,9.8,10.0,969,99.0
970,0,0,1,9.8,10.0,970,15.0
971,0,0,1,9.8,10.0,971,235.0
972,0,0,1,9.8,10.0,972,216.0
973,0,0,1,9.8,10.0,973,211.0
974,0,0,1,9.8,10.0,974,238.0
975,0,0,1,9.8,10.0,975,287.0
976,0,0,1,9.8,10.0,976,280.0
977,0,0,1,9.8,10.0,977,256.0
978,0,0,1,9.8,10.0,978,205.0
979,0,0,1,9.8,10.0,979,291.0
980,0,0,1,9.8,10.0,980,319.0
981,0,0,1,9.8,10.0,981,219.0
982,0,0,1,9.8,10.0,982,269.0
983,0,0,1,9.8,10.0,983,283.0
984,0,0,1,9.8,10.0,984,257.0
985,0,0,1,9.8,10.0,985,347.0
986,0,0,1,9.8,10.0,986,502.0
987,0,0,1,9.8,10.0,987,284.0
988,0,0,1,9.8,10.0,988,244.0
989,0,0,1,9.8,10.0,989,297.0
990,0,0,1,9.8,10.0,990,381.0
991,0,0,1,9.8,10.0,991,213.0
992,0,0,1,9.8,10.0,992,285.0
993,0,0,1,9.8,10.0,993,397.0
994,0,0,1,9.8,10.0,994,388.0
995,0,0,1,9.8,10.0,995,364.0
996,0,0,1,9.8,10.0,996,289.0
997,0,0,1,9.8,10.0,997,431.0
998,0,0,1,9.8,10.0,998,397.0
999,0,0,1,9.8,10.0,999,604.0
1000,0,0,1,9.8,10.0,1000,349.0
1001,0,0,1,9.8,10.0,1001,267.0
1002,0,0,1,9.8,10.0,1002,441.0
1003,0,0,1,9.8,10.0,1003,1000.0
1004,0,0,1,9.8,10.0,1004,1000.0
1005,0,0,1,9.8,10.0,1005,1000.0
0,1,0,1,2.0,10.0,0,70.0
1,1,0,1,2.0,10.0,1,37.0
2,1,0,1,2.0,10.0,2,25.0
3,1,0,1,2.0,10.0,3,29.0
4,1,0,1,2.0,10.0,4,18.0
5,1,0,1,2.0,10.0,5,57.0
6,1,0,1,2.0,10.0,6,25.0
7,1,0,1,2.0,10.0,7,44.0
8,1,0,1,2.0,10.0,8,22.0
9,1,0,1,2.0,10.0,9,36.0
10,1,0,1,2.0,10.0,10,27.0
11,1,0,1,2.0,10.0,11,70.0
12,1,0,1,2.0,10.0,12,52.0
13,1,0,1,2.0,10.0,13,35.0
14,1,0,1,2.0,10.0,14,140.0
15,1,0,1,2.0,10.0,15,20.0
16,1,0,1,2.0,10.0,16,39.0
17,1,0,1,2.0,10.0,17,19.0
18,1,0,1,2.0,10.0,18,16.0
19,1,0,1,2.0,10.0,19,23.0
20,1,0,1,2.0,10.0,20,38.0
21,1,0,1,2.0,10.0,21,35.0
22,1,0,1,2.0,10.0,22,28.0
23,1,0,1,2.0,10.0,23,23.0
24,1,0,1,2.0,10.0,24,56.0
25,1,0,1,2.0,10.0,25,79.0
26,1,0,1,2.0,10.0,26,50.0
27,1,0,1,2.0,10.0,27,86.0
28,1,0,1,2.0,10.0,28,65.0
29,1,0,1,2.0,10.0,29,21.0
30,1,0,1,2.0,10.0,30,49.0
31,1,0,1,2.0,10.0,31,18.0
32,1,0,1,2.0,10.0,32,22.0
33,1,0,1,2.0,10.0,33,26.0
34,1,0,1,2.0,10.0,34,37.0
35,1,0,1,2.0,10.0,35,27.0
36,1,0,1,2.0,10.0,36,39.0
37,1,0,1,2.0,10.0,37,143.0
38,1,0,1,2.0,10.0,38,45.0
39,1,0,1,2.0,10.0,39,48.0
40,1,0,1,2.0,10.0,40,59.0
41,1,0,1,2.0,10.0,41,193.0
42,1,0,1,2.0,10.0,42,129.0
43,1,0,1,2.0,10.0,43,73.0
44,1,0,1,2.0,10.0,44,93.0
45,1,0,1,2.0,10.0,45,180.0
46,1,0,1,2.0,10.0,46,32.0
47,1,0,1,2.0,10.0,47,57.0
48,1,0,1,2.0,10.0,48,33.0
49,1,0,1,2.0,10.0,49,29.0
50,1,0,1,2.0,10.0,50,82.0
51,1,0,1,2.0,10.0,51,36.0
52,1,0,1,2.0,10.0,52,82.0
53,1,0,1,2.0,10.0,53,59.0
54,1,0,1,2.0,10.0,54,35.0
55,1,0,1,2.0,10.0,55,87.0
56,1,0,1,2.0,10.0,56,31.0
57,1,0,1,2.0,10.0,57,31.0
58,1,0,1,2.0,10.0,58,120.0
59,1,0,1,2.0,10.0,59,68.0
60,1,0,1,2.0,10.0,60,58.0
61,1,0,1,2.0,10.0,61,34.0
62,1,0,1,2.0,10.0,62,128.0
63,1,0,1,2.0,10.0,63,63.0
64,1,0,1,2.0,10.0,64,50.0
65,1,0,1,2.0,10.0,65,29.0
66,1,0,1,2.0,10.0,66,104.0
67,1,0,1,2.0,10.0,67,388.0
68,1,0,1,2.0,10.0,68,56.0
69,1,0,1,2.0,10.0,69,51.0
70,1,0,1,2.0,10.0,70,266.0
71,1,0,1,2.0,10.0,71,67.0
72,1,0,1,2.0,10.0,72,27.0
73,1,0,1,2.0,10.0,73,450.0
74,1,0,1,2.0,10.0,74,208.0
75,1,0,1,2.0,10.0,75,75.0
76,1,0,1,2.0,10.0,76,62.0
77,1,0,1,2.0,10.0,77,25.0
78,1,0,1,2.0,10.0,78,158.0
79,1,0,1,2.0,10.0,79,22.0
80,1,0,1,2.0,10.0,80,44.0
81,1,0,1,2.0,10.0,81,126.0
82,1,0,1,2.0,10.0,82,45.0
83,1,0,1,2.0,10.0,83,212.0
84,1,0,1,2.0,10.0,84,205.0
85,1,0,1,2.0,10.0,85,96.0
86,1,0,1,2.0,10.0,86,164.0
87,1,0,1,2.0,10.0,87,59.0
88,1,0,1,2.0,10.0,88,90.0
89,1,0,1,2.0,10.0,89,73.0
90,1,0,1,2.0,10.0,90,68.0
91,1,0,1,2.0,10.0,91,19.0
92,1,0,1,2.0,10.0,92,279.0
93,1,0,1,2.0,10.0,93,306.0
94,1,0,1,2.0,10.0,94,19.0
95,1,0,1,2.0,10.0,95,263.0
96,1,0,1,2.0,10.0,96,68.0
97,1,0,1,2.0,10.0,97,154.0
98,1,0,1,2.0,10.0,98,131.0
99,1,0,1,2.0,10.0,99,142.0
100,1,0,1,2.0,10.0,100,25.0
101,1,0,1,2.0,10.0,101,28.0
102,1,0,1,2.0,10.0,102,179.0
103,1,0,1,2.0,10.0,103,105.0
104,1,0,1,2.0,10.0,104,212.0
105,1,0,1,2.0,10.0,105,329.0
106,1,0,1,2.0,10.0,106,185.0
107,1,0,1,2.0,10.0,107,399.0
108,1,0,1,2.0,10.0,108,153.0
109,1,0,1,2.0,10.0,109,323.0
110,1,0,1,2.0,10.0,110,303.0
111,1,0,1,2.0,10.0,111,191.0
112,1,0,1,2.0,10.0,112,60.0
113,1,0,1,2.0,10.0,113,428.0
114,1,0,1,2.0,10.0,114,308.0
115,1,0,1,2.0,10.0,115,223.0
116,1,0,1,2.0,10.0,116,248.0
117,1,0,1,2.0,10.0,117,521.0
118,1,0,1,2.0,10.0,118,107.0
119,1,0,1,2.0,10.0,119,95.0
120,1,0,1,2.0,10.0,120,334.0
121,1,0,1,2.0,10.0,121,425.0
122,1,0,1,2.0,10.0,122,108.0
123,1,0,1,2.0,10.0,123,24.0
124,1,0,1,2.0,10.0,124,209.0
125,1,0,1,2.0,10.0,125,146.0
126,1,0,1,2.0,10.0,126,146.0
127,1,0,1,2.0,10.0,127,323.0
128,1,0,1,2.0,10.0,128,274.0
129,1,0,1,2.0,10.0,129,477.0
130,1,0,1,2.0,10.0,130,445.0
131,1,0,1,2.0,10.0,131,358.0
132,1,0,1,2.0,10.0,132,48.0
133,1,0,1,2.0,10.0,133,639.0
134,1,0,1,2.0,10.0,134,101.0
135,1,0,1,2.0,10.0,135,683.0
136,1,0,1,2.0,10.0,136,670.0
137,1,0,1,2.0,10.0,137,1000.0
138,1,0,1,2.0,10.0,138,347.0
139,1,0,1,2.0,10.0,139,519.0
140,1,0,1,2.0,10.0,140,489.0
141,1,0,1,2.0,10.0,141,429.0
142,1,0,1,2.0,10.0,142,574.0
143,1,0,1,2.0,10.0,143,799.0
144,1,0,1,2.0,10.0,144,404.0
0,2,0,10,9.8,10.0,0,106.0
1,2,0,10,9.8,10.0,1,100.0
2,2,0,10,9.8,10.0,2,65.0
3,2,0,10,9.8,10.0,3,68.0
4,2,0,10,9.8,10.0,4,80.0
5,2,0,10,9.8,10.0,5,137.0
6,2,0,10,9.8,10.0,6,62.0
7,2,0,10,9.8,10.0,7,71.0
8,2,0,10,9.8,10.0,8,139.0
9,2,0,10,9.8,10.0,9,251.0
10,2,0,10,9.8,10.0,10,78.0
11,2,0,10,9.8,10.0,11,208.0
12,2,0,10,9.8,10.0,12,79.0
13,2,0,10,9.8,10.0,13,235.0
14,2,0,10,9.8,10.0,14,63.0
15,2,0,10,9.8,10.0,15,67.0
16,2,0,10,9.8,10.0,16,99.0
17,2,0,10,9.8,10.0,17,146.0
18,2,0,10,9.8,10.0,18,106.0
19,2,0,10,9.8,10.0,19,116.0
20,2,0,10,9.8,10.0,20,137.0
21,2,0,10,9.8,10.0,21,134.0
22,2,0,10,9.8,10.0,22,112.0
23,2,0,10,9.8,10.0,23,125.0
24,2,0,10,9.8,10.0,24,88.0
25,2,0,10,9.8,10.0,25,139.0
26,2,0,10,9.8,10.0,26,168.0
27,2,0,10,9.8,10.0,27,108.0
28,2,0,10,9.8,10.0,28,90.0
29,2,0,10,9.8,10.0,29,87.0
30,2,0,10,9.8,10.0,30,110.0
31,2,0,10,9.8,10.0,31,123.0
32,2,0,10,9.8,10.0,32,133.0
33,2,0,10,9.8,10.0,33,90.0
34,2,0,10,9.8,10.0,34,186.0
35,2,0,10,9.8,10.0,35,149.0
36,2,0,10,9.8,10.0,36,92.0
37,2,0,10,9.8,10.0,37,158.0
38,2,0,10,9.8,10.0,38,203.0
39,2,0,10,9.8,10.0,39,101.0
40,2,0,10,9.8,10.0,40,126.0
41,2,0,10,9.8,10.0,41,200.0
42,2,0,10,9.8,10.0,42,87.0
43,2,0,10,9.8,10.0,43,86.0
44,2,0,10,9.8,10.0,44,158.0
45,2,0,10,9.8,10.0,45,87.0
46,2,0,10,9.8,10.0,46,71.0
47,2,0,10,9.8,10.0,47,61.0
48,2,0,10,9.8,10.0,48,134.0
49,2,0,10,9.8,10.0,49,67.0
50,2,0,10,9.8,10.0,50,90.0
51,2,0,10,9.8,10.0,51,90.0
52,2,0,10,9.8,10.0,52,199.0
53,2,0,10,9.8,10.0,53,136.0
54,2,0,10,9.8,10.0,54,77.0
55,2,0,10,9.8,10.0,55,133.0
56,2,0,10,9.8,10.0,56,70.0
57,2,0,10,9.8,10.0,57,79.0
58,2,0,10,9.8,10.0,58,106.0
59,2,0,10,9.8,10.0,59,147.0
60,2,0,10,9.8,10.0,60,247.0
61,2,0,10,9.8,10.0,61,91.0
62,2,0,10,9.8,10.0,62,102.0
63,2,0,10,9.8,10.0,63,83.0
64,2,0,10,9.8,10.0,64,94.0
65,2,0,10,9.8,10.0,65,134.0
66,2,0,10,9.8,10.0,66,122.0
67,2,0,10,9.8,10.0,67,98.0
68,2,0,10,9.8,10.0,68,90.0
69,2,0,10,9.8,10.0,69,97.0
70,2,0,10,9.8,10.0,70,92.0
71,2,0,10,9.8,10.0,71,86.0
72,2,0,10,9.8,10.0,72,77.0
73,2,0,10,9.8,10.0,73,127.0
74,2,0,10,9.8,10.0,74,77.0
75,2,0,10,9.8,10.0,75,126.0
76,2,0,10,9.8,10.0,76,86.0
77,2,0,10,9.8,10.0,77,153.0
78,2,0,10,9.8,10.0,78,79.0
79,2,0,10,9.8,10.0,79,217.0
80,2,0,10,9.8,10.0,80,197.0
81,2,0,10,9.8,10.0,81,136.0
82,2,0,10,9.8,10.0,82,84.0
83,2,0,10,9.8,10.0,83,120.0
84,2,0,10,9.8,10.0,84,319.0
85,2,0,10,9.8,10.0,85,78.0
86,2,0,10,9.8,10.0,86,74.0
87,2,0,10,9.8,10.0,87,131.0
88,2,0,10,9.8,10.0,88,64.0
89,2,0,10,9.8,10.0,89,76.0
90,2,0,10,9.8,10.0,90,111.0
91,2,0,10,9.8,10.0,91,129.0
92,2,0,10,9.8,10.0,92,204.0
93,2,0,10,9.8,10.0,93,88.0
94,2,0,10,9.8,10.0,94,96.0
95,2,0,10,9.8,10.0,95,187.0
96,2,0,10,9.8,10.0,96,129.0
97,2,0,10,9.8,10.0,97,80.0
98,2,0,10,9.8,10.0,98,69.0
99,2,0,10,9.8,10.0,99,54.0
100,2,0,10,9.8,10.0,100,95.0
101,2,0,10,9.8,10.0,101,351.0
102,2,0,10,9.8,10.0,102,113.0
103,2,0,10,9.8,10.0,103,60.0
104,2,0,10,9.8,10.0,104,213.0
105,2,0,10,9.8,10.0,105,88.0
106,2,0,10,9.8,10.0,106,119.0
107,2,0,10,9.8,10.0,107,212.0
108,2,0,10,9.8,10.0,108,108.0
109,2,0,10,9.8,10.0,109,125.0
110,2,0,10,9.8,10.0,110,100.0
111,2,0,10,9.8,10.0,111,195.0
112,2,0,10,9.8,10.0,112,206.0
113,2,0,10,9.8,10.0,113,109.0
114,2,0,10,9.8,10.0,114,76.0
115,2,0,10,9.8,10.0,115,101.0
116,2,0,10,9.8,10.0,116,74.0
117,2,0,10,9.8,10.0,117,124.0
118,2,0,10,9.8,10.0,118,123.0
119,2,0,10,9.8,10.0,119,102.0
120,2,0,10,9.8,10.0,120,105.0
121,2,0,10,9.8,10.0,121,66.0
122,2,0,10,9.8,10.0,122,131.0
123,2,0,10,9.8,10.0,123,51.0
124,2,0,10,9.8,10.0,124,85.0
125,2,0,10,9.8,10.0,125,95.0
126,2,0,10,9.8,10.0,126,69.0
127,2,0,10,9.8,10.0,127,171.0
128,2,0,10,9.8,10.0,128,90.0
129,2,0,10,9.8,10.0,129,64.0
130,2,0,10,9.8,10.0,130,239.0
131,2,0,10,9.8,10.0,131,76.0
132,2,0,10,9.8,10.0,132,162.0
133,2,0,10,9.8,10.0,133,110.0
134,2,0,10,9.8,10.0,134,179.0
135,2,0,10,9.8,10.0,135,136.0
136,2,0,10,9.8,10.0,136,110.0
137,2,0,10,9.8,10.0,137,92.0
138,2,0,10,9.8,10.0,138,120.0
139,2,0,10,9.8,10.0,139,135.0
140,2,0,10,9.8,10.0,140,103.0
141,2,0,10,9.8,10.0,141,80.0
142,2,0,10,9.8,10.0,142,70.0
143,2,0,10,9.8,10.0,143,155.0
144,2,0,10,9.8,10.0,144,74.0
145,2,0,10,9.8,10.0,145,86.0
146,2,0,10,9.8,10.0,146,134.0
147,2,0,10,9.8,10.0,147,126.0
148,2,0,10,9.8,10.0,148,333.0
149,2,0,10,9.8,10.0,149,263.0
150,2,0,10,9.8,10.0,150,134.0
151,2,0,10,9.8,10.0,151,100.0
152,2,0,10,9.8,10.0,152,123.0
153,2,0,10,9.8,10.0,153,304.0
154,2,0,10,9.8,10.0,154,126.0
155,2,0,10,9.8,10.0,155,165.0
156,2,0,10,9.8,10.0,156,115.0
157,2,0,10,9.8,10.0,157,146.0
158,2,0,10,9.8,10.0,158,92.0
159,2,0,10,9.8,10.0,159,126.0
160,2,0,10,9.8,10.0,160,204.0
161,2,0,10,9.8,10.0,161,120.0
162,2,0,10,9.8,10.0,162,94.0
163,2,0,10,9.8,10.0,163,112.0
164,2,0,10,9.8,10.0,164,124.0
165,2,0,10,9.8,10.0,165,185.0
166,2,0,10,9.8,10.0,166,233.0
167,2,0,10,9.8,10.0,167,166.0
168,2,0,10,9.8,10.0,168,206.0
169,2,0,10,9.8,10.0,169,202.0
170,2,0,10,9.8,10.0,170,147.0
171,2,0,10,9.8,10.0,171,128.0
172,2,0,10,9.8,10.0,172,104.0
173,2,0,10,9.8,10.0,173,121.0
174,2,0,10,9.8,10.0,174,99.0
175,2,0,10,9.8,10.0,175,135.0
176,2,0,10,9.8,10.0,176,107.0
177,2,0,10,9.8,10.0,177,58.0
178,2,0,10,9.8,10.0,178,108.0
179,2,0,10,9.8,10.0,179,105.0
180,2,0,10,9.8,10.0,180,64.0
181,2,0,10,9.8,10.0,181,93.0
182,2,0,10,9.8,10.0,182,63.0
183,2,0,10,9.8,10.0,183,76.0
184,2,0,10,9.8,10.0,184,58.0
185,2,0,10,9.8,10.0,185,151.0
186,2,0,10,9.8,10.0,186,126.0
187,2,0,10,9.8,10.0,187,212.0
188,2,0,10,9.8,10.0,188,103.0
189,2,0,10,9.8,10.0,189,94.0
190,2,0,10,9.8,10.0,190,127.0
191,2,0,10,9.8,10.0,191,185.0
192,2,0,10,9.8,10.0,192,125.0
193,2,0,10,9.8,10.0,193,112.0
194,2,0,10,9.8,10.0,194,71.0
195,2,0,10,9.8,10.0,195,117.0
196,2,0,10,9.8,10.0,196,103.0
197,2,0,10,9.8,10.0,197,135.0
198,2,0,10,9.8,10.0,198,106.0
199,2,0,10,9.8,10.0,199,134.0
200,2,0,10,9.8,10.0,200,142.0
201,2,0,10,9.8,10.0,201,216.0
202,2,0,10,9.8,10.0,202,134.0
203,2,0,10,9.8,10.0,203,94.0
204,2,0,10,9.8,10.0,204,114.0
205,2,0,10,9.8,10.0,205,118.0
206,2,0,10,9.8,10.0,206,109.0
207,2,0,10,9.8,10.0,207,110.0
208,2,0,10,9.8,10.0,208,57.0
209,2,0,10,9.8,10.0,209,119.0
210,2,0,10,9.8,10.0,210,97.0
211,2,0,10,9.8,10.0,211,129.0
212,2,0,10,9.8,10.0,212,223.0
213,2,0,10,9.8,10.0,213,65.0
214,2,0,10,9.8,10.0,214,94.0
215,2,0,10,9.8,10.0,215,172.0
216,2,0,10,9.8,10.0,216,189.0
217,2,0,10,9.8,10.0,217,65.0
218,2,0,10,9.8,10.0,218,124.0
219,2,0,10,9.8,10.0,219,163.0
220,2,0,10,9.8,10.0,220,97.0
221,2,0,10,9.8,10.0,221,117.0
222,2,0,10,9.8,10.0,222,108.0
223,2,0,10,9.8,10.0,223,106.0
224,2,0,10,9.8,10.0,224,251.0
225,2,0,10,9.8,10.0,225,159.0
226,2,0,10,9.8,10.0,226,110.0
227,2,0,10,9.8,10.0,227,96.0
228,2,0,10,9.8,10.0,228,80.0
229,2,0,10,9.8,10.0,229,115.0
230,2,0,10,9.8,10.0,230,168.0
231,2,0,10,9.8,10.0,231,110.0
232,2,0,10,9.8,10.0,232,99.0
233,2,0,10,9.8,10.0,233,241.0
234,2,0,10,9.8,10.0,234,163.0
235,2,0,10,9.8,10.0,235,272.0
236,2,0,10,9.8,10.0,236,143.0
237,2,0,10,9.8,10.0,237,102.0
238,2,0,10,9.8,10.0,238,84.0
239,2,0,10,9.8,10.0,239,277.0
240,2,0,10,9.8,10.0,240,129.0
241,2,0,10,9.8,10.0,241,168.0
242,2,0,10,9.8,10.0,242,119.0
243,2,0,10,9.8,10.0,243,210.0
244,2,0,10,9.8,10.0,244,120.0
245,2,0,10,9.8,10.0,245,131.0
246,2,0,10,9.8,10.0,246,192.0
247,2,0,10,9.8,10.0,247,169.0
248,2,0,10,9.8,10.0,248,271.0
249,2,0,10,9.8,10.0,249,144.0
250,2,0,10,9.8,10.0,250,167.0
251,2,0,10,9.8,10.0,251,195.0
252,2,0,10,9.8,10.0,252,148.0
253,2,0,10,9.8,10.0,253,169.0
254,2,0,10,9.8,10.0,254,118.0
255,2,0,10,9.8,10.0,255,258.0
256,2,0,10,9.8,10.0,256,72.0
257,2,0,10,9.8,10.0,257,81.0
258,2,0,10,9.8,10.0,258,133.0
259,2,0,10,9.8,10.0,259,238.0
260,2,0,10,9.8,10.0,260,148.0
261,2,0,10,9.8,10.0,261,170.0
262,2,0,10,9.8,10.0,262,267.0
263,2,0,10,9.8,10.0,263,231.0
264,2,0,10,9.8,10.0,264,212.0
265,2,0,10,9.8,10.0,265,177.0
266,2,0,10,9.8,10.0,266,233.0
267,2,0,10,9.8,10.0,267,154.0
268,2,0,10,9.8,10.0,268,152.0
269,2,0,10,9.8,10.0,269,233.0
270,2,0,10,9.8,10.0,270,126.0
271,2,0,10,9.8,10.0,271,115.0
272,2,0,10,9.8,10.0,272,131.0
273,2,0,10,9.8,10.0,273,152.0
274,2,0,10,9.8,10.0,274,126.0
275,2,0,10,9.8,10.0,275,236.0
276,2,0,10,9.8,10.0,276,427.0
277,2,0,10,9.8,10.0,277,241.0
278,2,0,10,9.8,10.0,278,209.0
279,2,0,10,9.8,10.0,279,118.0
280,2,0,10,9.8,10.0,280,142.0
281,2,0,10,9.8,10.0,281,136.0
282,2,0,10,9.8,10.0,282,176.0
283,2,0,10,9.8,10.0,283,140.0
284,2,0,10,9.8,10.0,284,162.0
285,2,0,10,9.8,10.0,285,119.0
286,2,0,10,9.8,10.0,286,125.0
287,2,0,10,9.8,10.0,287,216.0
288,2,0,10,9.8,10.0,288,123.0
289,2,0,10,9.8,10.0,289,172.0
290,2,0,10,9.8,10.0,290,337.0
291,2,0,10,9.8,10.0,291,109.0
292,2,0,10,9.8,10.0,292,102.0
293,2,0,10,9.8,10.0,293,90.0
294,2,0,10,9.8,10.0,294,146.0
295,2,0,10,9.8,10.0,295,81.0
296,2,0,10,9.8,10.0,296,127.0
297,2,0,10,9.8,10.0,297,86.0
298,2,0,10,9.8,10.0,298,96.0
299,2,0,10,9.8,10.0,299,300.0
300,2,0,10,9.8,10.0,300,158.0
301,2,0,10,9.8,10.0,301,192.0
302,2,0,10,9.8,10.0,302,146.0
303,2,0,10,9.8,10.0,303,342.0
304,2,0,10,9.8,10.0,304,114.0
305,2,0,10,9.8,10.0,305,280.0
306,2,0,10,9.8,10.0,306,274.0
307,2,0,10,9.8,10.0,307,265.0
308,2,0,10,9.8,10.0,308,232.0
309,2,0,10,9.8,10.0,309,148.0
310,2,0,10,9.8,10.0,310,224.0
311,2,0,10,9.8,10.0,311,143.0
312,2,0,10,9.8,10.0,312,389.0
313,2,0,10,9.8,10.0,313,127.0
314,2,0,10,9.8,10.0,314,135.0
315,2,0,10,9.8,10.0,315,197.0
316,2,0,10,9.8,10.0,316,221.0
317,2,0,10,9.8,10.0,317,134.0
318,2,0,10,9.8,10.0,318,158.0
319,2,0,10,9.8,10.0,319,228.0
320,2,0,10,9.8,10.0,320,98.0
321,2,0,10,9.8,10.0,321,226.0
322,2,0,10,9.8,10.0,322,112.0
323,2,0,10,9.8,10.0,323,136.0
324,2,0,10,9.8,10.0,324,83.0
325,2,0,10,9.8,10.0,325,198.0
326,2,0,10,9.8,10.0,326,115.0
327,2,0,10,9.8,10.0,327,166.0
328,2,0,10,9.8,10.0,328,239.0
329,2,0,10,9.8,10.0,329,173.0
330,2,0,10,9.8,10.0,330,276.0
331,2,0,10,9.8,10.0,331,197.0
332,2,0,10,9.8,10.0,332,160.0
333,2,0,10,9.8,10.0,333,147.0
334,2,0,10,9.8,10.0,334,127.0
335,2,0,10,9.8,10.0,335,134.0
336,2,0,10,9.8,10.0,336,162.0
337,2,0,10,9.8,10.0,337,147.0
338,2,0,10,9.8,10.0,338,249.0
339,2,0,10,9.8,10.0,339,231.0
340,2,0,10,9.8,10.0,340,141.0
341,2,0,10,9.8,10.0,341,203.0
342,2,0,10,9.8,10.0,342,101.0
343,2,0,10,9.8,10.0,343,186.0
344,2,0,10,9.8,10.0,344,94.0
345,2,0,10,9.8,10.0,345,165.0
346,2,0,10,9.8,10.0,346,202.0
347,2,0,10,9.8,10.0,347,112.0
348,2,0,10,9.8,10.0,348,177.0
349,2,0,10,9.8,10.0,349,116.0
350,2,0,10,9.8,10.0,350,181.0
351,2,0,10,9.8,10.0,351,200.0
352,2,0,10,9.8,10.0,352,177.0
353,2,0,10,9.8,10.0,353,156.0
354,2,0,10,9.8,10.0,354,214.0
355,2,0,10,9.8,10.0,355,267.0
356,2,0,10,9.8,10.0,356,152.0
357,2,0,10,9.8,10.0,357,219.0
358,2,0,10,9.8,10.0,358,138.0
359,2,0,10,9.8,10.0,359,245.0
360,2,0,10,9.8,10.0,360,279.0
361,2,0,10,9.8,10.0,361,160.0
362,2,0,10,9.8,10.0,362,211.0
363,2,0,10,9.8,10.0,363,107.0
364,2,0,10,9.8,10.0,364,103.0
365,2,0,10,9.8,10.0,365,132.0
366,2,0,10,9.8,10.0,366,89.0
367,2,0,10,9.8,10.0,367,179.0
368,2,0,10,9.8,10.0,368,205.0
369,2,0,10,9.8,10.0,369,195.0
370,2,0,10,9.8,10.0,370,183.0
371,2,0,10,9.8,10.0,371,550.0
372,2,0,10,9.8,10.0,372,113.0
373,2,0,10,9.8,10.0,373,129.0
374,2,0,10,9.8,10.0,374,222.0
375,2,0,10,9.8,10.0,375,155.0
376,2,0,10,9.8,10.0,376,157.0
377,2,0,10,9.8,10.0,377,101.0
378,2,0,10,9.8,10.0,378,214.0
379,2,0,10,9.8,10.0,379,149.0
380,2,0,10,9.8,10.0,380,121.0
381,2,0,10,9.8,10.0,381,100.0
382,2,0,10,9.8,10.0,382,139.0
383,2,0,10,9.8,10.0,383,195.0
384,2,0,10,9.8,10.0,384,117.0
385,2,0,10,9.8,10.0,385,142.0
386,2,0,10,9.8,10.0,386,105.0
387,2,0,10,9.8,10.0,387,96.0
388,2,0,10,9.8,10.0,388,140.0
389,2,0,10,9.8,10.0,389,97.0
390,2,0,10,9.8,10.0,390,109.0
391,2,0,10,9.8,10.0,391,130.0
392,2,0,10,9.8,10.0,392,144.0
393,2,0,10,9.8,10.0,393,136.0
394,2,0,10,9.8,10.0,394,246.0
395,2,0,10,9.8,10.0,395,246.0
396,2,0,10,9.8,10.0,396,219.0
397,2,0,10,9.8,10.0,397,217.0
398,2,0,10,9.8,10.0,398,137.0
399,2,0,10,9.8,10.0,399,123.0
400,2,0,10,9.8,10.0,400,240.0
401,2,0,10,9.8,10.0,401,150.0
402,2,0,10,9.8,10.0,402,168.0
403,2,0,10,9.8,10.0,403,177.0
404,2,0,10,9.8,10.0,404,165.0
405,2,0,10,9.8,10.0,405,260.0
406,2,0,10,9.8,10.0,406,130.0
407,2,0,10,9.8,10.0,407,163.0
408,2,0,10,9.8,10.0,408,261.0
409,2,0,10,9.8,10.0,409,192.0
410,2,0,10,9.8,10.0,410,191.0
411,2,0,10,9.8,10.0,411,128.0
412,2,0,10,9.8,10.0,412,111.0
413,2,0,10,9.8,10.0,413,221.0
414,2,0,10,9.8,10.0,414,199.0
415,2,0,10,9.8,10.0,415,210.0
416,2,0,10,9.8,10.0,416,101.0
417,2,0,10,9.8,10.0,417,168.0
418,2,0,10,9.8,10.0,418,165.0
419,2,0,10,9.8,10.0,419,205.0
420,2,0,10,9.8,10.0,420,212.0
421,2,0,10,9.8,10.0,421,239.0
422,2,0,10,9.8,10.0,422,112.0
423,2,0,10,9.8,10.0,423,168.0
424,2,0,10,9.8,10.0,424,174.0
425,2,0,10,9.8,10.0,425,196.0
426,2,0,10,9.8,10.0,426,154.0
427,2,0,10,9.8,10.0,427,180.0
428,2,0,10,9.8,10.0,428,236.0
429,2,0,10,9.8,10.0,429,201.0
430,2,0,10,9.8,10.0,430,92.0
431,2,0,10,9.8,10.0,431,123.0
432,2,0,10,9.8,10.0,432,158.0
433,2,0,10,9.8,10.0,433,160.0
434,2,0,10,9.8,10.0,434,124.0
435,2,0,10,9.8,10.0,435,208.0
436,2,0,10,9.8,10.0,436,262.0
437,2,0,10,9.8,10.0,437,151.0
438,2,0,10,9.8,10.0,438,393.0
439,2,0,10,9.8,10.0,439,189.0
440,2,0,10,9.8,10.0,440,152.0
441,2,0,10,9.8,10.0,441,152.0
442,2,0,10,9.8,10.0,442,150.0
443,2,0,10,9.8,10.0,443,178.0
444,2,0,10,9.8,10.0,444,89.0
445,2,0,10,9.8,10.0,445,266.0
446,2,0,10,9.8,10.0,446,152.0
447,2,0,10,9.8,10.0,447,174.0
448,2,0,10,9.8,10.0,448,133.0
449,2,0,10,9.8,10.0,449,252.0
450,2,0,10,9.8,10.0,450,96.0
451,2,0,10,9.8,10.0,451,126.0
452,2,0,10,9.8,10.0,452,135.0
453,2,0,10,9.8,10.0,453,81.0
454,2,0,10,9.8,10.0,454,241.0
455,2,0,10,9.8,10.0,455,92.0
456,2,0,10,9.8,10.0,456,220.0
457,2,0,10,9.8,10.0,457,137.0
458,2,0,10,9.8,10.0,458,157.0
459,2,0,10,9.8,10.0,459,108.0
460,2,0,10,9.8,10.0,460,132.0
461,2,0,10,9.8,10.0,461,201.0
462,2,0,10,9.8,10.0,462,568.0
463,2,0,10,9.8,10.0,463,288.0
464,2,0,10,9.8,10.0,464,258.0
465,2,0,10,9.8,10.0,465,125.0
466,2,0,10,9.8,10.0,466,354.0
467,2,0,10,9.8,10.0,467,83.0
468,2,0,10,9.8,10.0,468,331.0
469,2,0,10,9.8,10.0,469,129.0
470,2,0,10,9.8,10.0,470,142.0
471,2,0,10,9.8,10.0,471,175.0
472,2,0,10,9.8,10.0,472,235.0
473,2,0,10,9.8,10.0,473,133.0
474,2,0,10,9.8,10.0,474,266.0
475,2,0,10,9.8,10.0,475,196.0
476,2,0,10,9.8,10.0,476,150.0
477,2,0,10,9.8,10.0,477,78.0
478,2,0,10,9.8,10.0,478,217.0
479,2,0,10,9.8,10.0,479,103.0
480,2,0,10,9.8,10.0,480,236.0
481,2,0,10,9.8,10.0,481,125.0
482,2,0,10,9.8,10.0,482,73.0
483,2,0,10,9.8,10.0,483,224.0
484,2,0,10,9.8,10.0,484,120.0
485,2,0,10,9.8,10.0,485,287.0
486,2,0,10,9.8,10.0,486,103.0
487,2,0,10,9.8,10.0,487,540.0
488,2,0,10,9.8,10.0,488,336.0
489,2,0,10,9.8,10.0,489,144.0
490,2,0,10,9.8,10.0,490,88.0
491,2,0,10,9.8,10.0,491,109.0
492,2,0,10,9.8,10.0,492,127.0
493,2,0,10,9.8,10.0,493,153.0
494,2,0,10,9.8,10.0,494,107.0
495,2,0,10,9.8,10.0,495,119.0
496,2,0,10,9.8,10.0,496,128.0
497,2,0,10,9.8,10.0,497,184.0
498,2,0,10,9.8,10.0,498,169.0
499,2,0,10,9.8,10.0,499,243.0
500,2,0,10,9.8,10.0,500,139.0
501,2,0,10,9.8,10.0,501,81.0
502,2,0,10,9.8,10.0,502,215.0
503,2,0,10,9.8,10.0,503,99.0
504,2,0,10,9.8,10.0,504,139.0
505,2,0,10,9.8,10.0,505,105.0
506,2,0,10,9.8,10.0,506,151.0
507,2,0,10,9.8,10.0,507,111.0
508,2,0,10,9.8,10.0,508,168.0
509,2,0,10,9.8,10.0,509,134.0
510,2,0,10,9.8,10.0,510,95.0
511,2,0,10,9.8,10.0,511,166.0
512,2,0,10,9.8,10.0,512,85.0
513,2,0,10,9.8,10.0,513,128.0
514,2,0,10,9.8,10.0,514,305.0
515,2,0,10,9.8,10.0,515,189.0
516,2,0,10,9.8,10.0,516,116.0
517,2,0,10,9.8,10.0,517,107.0
518,2,0,10,9.8,10.0,518,294.0
519,2,0,10,9.8,10.0,519,76.0
520,2,0,10,9.8,10.0,520,162.0
521,2,0,10,9.8,10.0,521,254.0
522,2,0,10,9.8,10.0,522,119.0
523,2,0,10,9.8,10.0,523,74.0
524,2,0,10,9.8,10.0,524,190.0
525,2,0,10,9.8,10.0,525,162.0
526,2,0,10,9.8,10.0,526,151.0
527,2,0,10,9.8,10.0,527,308.0
528,2,0,10,9.8,10.0,528,92.0
529,2,0,10,9.8,10.0,529,84.0
530,2,0,10,9.8,10.0,530,93.0
531,2,0,10,9.8,10.0,531,80.0
532,2,0,10,9.8,10.0,532,105.0
533,2,0,10,9.8,10.0,533,95.0
534,2,0,10,9.8,10.0,534,143.0
535,2,0,10,9.8,10.0,535,147.0
536,2,0,10,9.8,10.0,536,190.0
537,2,0,10,9.8,10.0,537,288.0
538,2,0,10,9.8,10.0,538,107.0
539,2,0,10,9.8,10.0,539,94.0
540,2,0,10,9.8,10.0,540,186.0
541,2,0,10,9.8,10.0,541,109.0
542,2,0,10,9.8,10.0,542,84.0
543,2,0,10,9.8,10.0,543,280.0
544,2,0,10,9.8,10.0,544,175.0
545,2,0,10,9.8,10.0,545,87.0
546,2,0,10,9.8,10.0,546,102.0
547,2,0,10,9.8,10.0,547,219.0
548,2,0,10,9.8,10.0,548,102.0
549,2,0,10,9.8,10.0,549,86.0
550,2,0,10,9.8,10.0,550,193.0
551,2,0,10,9.8,10.0,551,137.0
552,2,0,10,9.8,10.0,552,79.0
553,2,0,10,9.8,10.0,553,279.0
554,2,0,10,9.8,10.0,554,146.0
555,2,0,10,9.8,10.0,555,93.0
556,2,0,10,9.8,10.0,556,138.0
557,2,0,10,9.8,10.0,557,87.0
558,2,0,10,9.8,10.0,558,89.0
559,2,0,10,9.8,10.0,559,204.0
560,2,0,10,9.8,10.0,560,139.0
561,2,0,10,9.8,10.0,561,300.0
562,2,0,10,9.8,10.0,562,205.0
563,2,0,10,9.8,10.0,563,95.0
564,2,0,10,9.8,10.0,564,161.0
565,2,0,10,9.8,10.0,565,148.0
566,2,0,10,9.8,10.0,566,255.0
567,2,0,10,9.8,10.0,567,76.0
568,2,0,10,9.8,10.0,568,332.0
569,2,0,10,9.8,10.0,569,137.0
570,2,0,10,9.8,10.0,570,108.0
571,2,0,10,9.8,10.0,571,236.0
572,2,0,10,9.8,10.0,572,220.0
573,2,0,10,9.8,10.0,573,163.0
574,2,0,10,9.8,10.0,574,137.0
575,2,0,10,9.8,10.0,575,223.0
576,2,0,10,9.8,10.0,576,203.0
577,2,0,10,9.8,10.0,577,102.0
578,2,0,10,9.8,10.0,578,121.0
579,2,0,10,9.8,10.0,579,225.0
580,2,0,10,9.8,10.0,580,214.0
581,2,0,10,9.8,10.0,581,143.0
582,2,0,10,9.8,10.0,582,156.0
583,2,0,10,9.8,10.0,583,87.0
584,2,0,10,9.8,10.0,584,89.0
585,2,0,10,9.8,10.0,585,162.0
586,2,0,10,9.8,10.0,586,327.0
587,2,0,10,9.8,10.0,587,153.0
588,2,0,10,9.8,10.0,588,162.0
589,2,0,10,9.8,10.0,589,73.0
590,2,0,10,9.8,10.0,590,123.0
591,2,0,10,9.8,10.0,591,192.0
592,2,0,10,9.8,10.0,592,185.0
593,2,0,10,9.8,10.0,593,119.0
594,2,0,10,9.8,10.0,594,105.0
595,2,0,10,9.8,10.0,595,86.0
596,2,0,10,9.8,10.0,596,243.0
597,2,0,10,9.8,10.0,597,147.0
598,2,0,10,9.8,10.0,598,96.0
599,2,0,10,9.8,10.0,599,116.0
600,2,0,10,9.8,10.0,600,172.0
601,2,0,10,9.8,10.0,601,98.0
602,2,0,10,9.8,10.0,602,284.0
603,2,0,10,9.8,10.0,603,98.0
604,2,0,10,9.8,10.0,604,100.0
605,2,0,10,9.8,10.0,605,176.0
606,2,0,10,9.8,10.0,606,211.0
607,2,0,10,9.8,10.0,607,279.0
608,2,0,10,9.8,10.0,608,239.0
609,2,0,10,9.8,10.0,609,136.0
610,2,0,10,9.8,10.0,610,266.0
611,2,0,10,9.8,10.0,611,91.0
612,2,0,10,9.8,10.0,612,92.0
613,2,0,10,9.8,10.0,613,81.0
614,2,0,10,9.8,10.0,614,190.0
615,2,0,10,9.8,10.0,615,286.0
616,2,0,10,9.8,10.0,616,81.0
617,2,0,10,9.8,10.0,617,124.0
618,2,0,10,9.8,10.0,618,177.0
619,2,0,10,9.8,10.0,619,129.0
620,2,0,10,9.8,10.0,620,234.0
621,2,0,10,9.8,10.0,621,188.0
622,2,0,10,9.8,10.0,622,124.0
623,2,0,10,9.8,10.0,623,188.0
624,2,0,10,9.8,10.0,624,78.0
625,2,0,10,9.8,10.0,625,179.0
626,2,0,10,9.8,10.0,626,126.0
627,2,0,10,9.8,10.0,627,323.0
628,2,0,10,9.8,10.0,628,108.0
629,2,0,10,9.8,10.0,629,161.0
630,2,0,10,9.8,10.0,630,171.0
631,2,0,10,9.8,10.0,631,106.0
632,2,0,10,9.8,10.0,632,96.0
633,2,0,10,9.8,10.0,633,99.0
634,2,0,10,9.8,10.0,634,154.0
635,2,0,10,9.8,10.0,635,76.0
636,2,0,10,9.8,10.0,636,206.0
637,2,0,10,9.8,10.0,637,269.0
638,2,0,10,9.8,10.0,638,118.0
639,2,0,10,9.8,10.0,639,95.0
640,2,0,10,9.8,10.0,640,190.0
641,2,0,10,9.8,10.0,641,156.0
642,2,0,10,9.8,10.0,642,179.0
643,2,0,10,9.8,10.0,643,86.0
644,2,0,10,9.8,10.0,644,313.0
645,2,0,10,9.8,10.0,645,192.0
646,2,0,10,9.8,10.0,646,423.0
647,2,0,10,9.8,10.0,647,100.0
648,2,0,10,9.8,10.0,648,377.0
649,2,0,10,9.8,10.0,649,182.0
650,2,0,10,9.8,10.0,650,142.0
651,2,0,10,9.8,10.0,651,152.0
652,2,0,10,9.8,10.0,652,106.0
653,2,0,10,9.8,10.0,653,192.0
654,2,0,10,9.8,10.0,654,117.0
655,2,0,10,9.8,10.0,655,183.0
656,2,0,10,9.8,10.0,656,157.0
657,2,0,10,9.8,10.0,657,156.0
658,2,0,10,9.8,10.0,658,148.0
659,2,0,10,9.8,10.0,659,180.0
660,2,0,10,9.8,10.0,660,122.0
661,2,0,10,9.8,10.0,661,85.0
662,2,0,10,9.8,10.0,662,126.0
663,2,0,10,9.8,10.0,663,184.0
664,2,0,10,9.8,10.0,664,148.0
665,2,0,10,9.8,10.0,665,86.0
666,2,0,10,9.8,10.0,666,215.0
667,2,0,10,9.8,10.0,667,99.0
668,2,0,10,9.8,10.0,668,139.0
669,2,0,10,9.8,10.0,669,117.0
670,2,0,10,9.8,10.0,670,89.0
671,2,0,10,9.8,10.0,671,203.0
672,2,0,10,9.8,10.0,672,213.0
673,2,0,10,9.8,10.0,673,153.0
674,2,0,10,9.8,10.0,674,295.0
675,2,0,10,9.8,10.0,675,91.0
676,2,0,10,9.8,10.0,676,93.0
677,2,0,10,9.8,10.0,677,166.0
678,2,0,10,9.8,10.0,678,225.0
679,2,0,10,9.8,10.0,679,114.0
680,2,0,10,9.8,10.0,680,154.0
681,2,0,10,9.8,10.0,681,220.0
682,2,0,10,9.8,10.0,682,163.0
683,2,0,10,9.8,10.0,683,165.0
684,2,0,10,9.8,10.0,684,121.0
685,2,0,10,9.8,10.0,685,98.0
686,2,0,10,9.8,10.0,686,107.0
687,2,0,10,9.8,10.0,687,102.0
688,2,0,10,9.8,10.0,688,174.0
689,2,0,10,9.8,10.0,689,163.0
690,2,0,10,9.8,10.0,690,256.0
691,2,0,10,9.8,10.0,691,78.0
692,2,0,10,9.8,10.0,692,80.0
693,2,0,10,9.8,10.0,693,131.0
694,2,0,10,9.8,10.0,694,135.0
695,2,0,10,9.8,10.0,695,192.0
696,2,0,10,9.8,10.0,696,136.0
697,2,0,10,9.8,10.0,697,94.0
698,2,0,10,9.8,10.0,698,108.0
699,2,0,10,9.8,10.0,699,185.0
700,2,0,10,9.8,10.0,700,117.0
701,2,0,10,9.8,10.0,701,101.0
702,2,0,10,9.8,10.0,702,193.0
703,2,0,10,9.8,10.0,703,148.0
704,2,0,10,9.8,10.0,704,219.0
705,2,0,10,9.8,10.0,705,116.0
706,2,0,10,9.8,10.0,706,168.0
707,2,0,10,9.8,10.0,707,117.0
708,2,0,10,9.8,10.0,708,175.0
709,2,0,10,9.8,10.0,709,244.0
710,2,0,10,9.8,10.0,710,128.0
711,2,0,10,9.8,10.0,711,130.0
712,2,0,10,9.8,10.0,712,230.0
713,2,0,10,9.8,10.0,713,158.0
714,2,0,10,9.8,10.0,714,108.0
715,2,0,10,9.8,10.0,715,99.0
716,2,0,10,9.8,10.0,716,87.0
717,2,0,10,9.8,10.0,717,263.0
718,2,0,10,9.8,10.0,718,248.0
719,2,0,10,9.8,10.0,719,131.0
720,2,0,10,9.8,10.0,720,192.0
721,2,0,10,9.8,10.0,721,103.0
722,2,0,10,9.8,10.0,722,181.0
723,2,0,10,9.8,10.0,723,216.0
724,2,0,10,9.8,10.0,724,114.0
725,2,0,10,9.8,10.0,725,127.0
726,2,0,10,9.8,10.0,726,159.0
727,2,0,10,9.8,10.0,727,183.0
728,2,0,10,9.8,10.0,728,146.0
729,2,0,10,9.8,10.0,729,148.0
730,2,0,10,9.8,10.0,730,107.0
731,2,0,10,9.8,10.0,731,164.0
732,2,0,10,9.8,10.0,732,255.0
733,2,0,10,9.8,10.0,733,83.0
734,2,0,10,9.8,10.0,734,163.0
735,2,0,10,9.8,10.0,735,83.0
736,2,0,10,9.8,10.0,736,263.0
737,2,0,10,9.8,10.0,737,92.0
738,2,0,10,9.8,10.0,738,165.0
739,2,0,10,9.8,10.0,739,126.0
740,2,0,10,9.8,10.0,740,125.0
741,2,0,10,9.8,10.0,741,112.0
742,2,0,10,9.8,10.0,742,102.0
743,2,0,10,9.8,10.0,743,173.0
744,2,0,10,9.8,10.0,744,133.0
745,2,0,10,9.8,10.0,745,148.0
746,2,0,10,9.8,10.0,746,285.0
747,2,0,10,9.8,10.0,747,209.0
748,2,0,10,9.8,10.0,748,132.0
749,2,0,10,9.8,10.0,749,184.0
750,2,0,10,9.8,10.0,750,107.0
751,2,0,10,9.8,10.0,751,192.0
752,2,0,10,9.8,10.0,752,197.0
753,2,0,10,9.8,10.0,753,415.0
754,2,0,10,9.8,10.0,754,220.0
755,2,0,10,9.8,10.0,755,271.0
756,2,0,10,9.8,10.0,756,258.0
757,2,0,10,9.8,10.0,757,205.0
758,2,0,10,9.8,10.0,758,164.0
759,2,0,10,9.8,10.0,759,345.0
760,2,0,10,9.8,10.0,760,372.0
761,2,0,10,9.8,10.0,761,129.0
762,2,0,10,9.8,10.0,762,135.0
763,2,0,10,9.8,10.0,763,302.0
764,2,0,10,9.8,10.0,764,169.0
765,2,0,10,9.8,10.0,765,154.0
766,2,0,10,9.8,10.0,766,153.0
767,2,0,10,9.8,10.0,767,333.0
768,2,0,10,9.8,10.0,768,184.0
769,2,0,10,9.8,10.0,769,219.0
770,2,0,10,9.8,10.0,770,414.0
771,2,0,10,9.8,10.0,771,381.0
772,2,0,10,9.8,10.0,772,214.0
773,2,0,10,9.8,10.0,773,199.0
774,2,0,10,9.8,10.0,774,213.0
775,2,0,10,9.8,10.0,775,512.0
776,2,0,10,9.8,10.0,776,202.0
777,2,0,10,9.8,10.0,777,334.0
778,2,0,10,9.8,10.0,778,196.0
779,2,0,10,9.8,10.0,779,491.0
780,2,0,10,9.8,10.0,780,291.0
781,2,0,10,9.8,10.0,781,151.0
782,2,0,10,9.8,10.0,782,188.0
783,2,0,10,9.8,10.0,783,229.0
784,2,0,10,9.8,10.0,784,160.0
785,2,0,10,9.8,10.0,785,182.0
786,2,0,10,9.8,10.0,786,218.0
787,2,0,10,9.8,10.0,787,329.0
788,2,0,10,9.8,10.0,788,269.0
789,2,0,10,9.8,10.0,789,284.0
790,2,0,10,9.8,10.0,790,280.0
791,2,0,10,9.8,10.0,791,215.0
792,2,0,10,9.8,10.0,792,220.0
793,2,0,10,9.8,10.0,793,442.0
794,2,0,10,9.8,10.0,794,249.0
795,2,0,10,9.8,10.0,795,350.0
0,3,0,10,2.0,10.0,0,142.0
1,3,0,10,2.0,10.0,1,122.0
2,3,0,10,2.0,10.0,2,193.0
3,3,0,10,2.0,10.0,3,65.0
4,3,0,10,2.0,10.0,4,109.0
5,3,0,10,2.0,10.0,5,196.0
6,3,0,10,2.0,10.0,6,171.0
7,3,0,10,2.0,10.0,7,87.0
8,3,0,10,2.0,10.0,8,95.0
9,3,0,10,2.0,10.0,9,153.0
10,3,0,10,2.0,10.0,10,92.0
11,3,0,10,2.0,10.0,11,86.0
12,3,0,10,2.0,10.0,12,200.0
13,3,0,10,2.0,10.0,13,105.0
14,3,0,10,2.0,10.0,14,101.0
15,3,0,10,2.0,10.0,15,218.0
16,3,0,10,2.0,10.0,16,86.0
17,3,0,10,2.0,10.0,17,87.0
18,3,0,10,2.0,10.0,18,87.0
19,3,0,10,2.0,10.0,19,161.0
20,3,0,10,2.0,10.0,20,253.0
21,3,0,10,2.0,10.0,21,400.0
22,3,0,10,2.0,10.0,22,355.0
23,3,0,10,2.0,10.0,23,87.0
24,3,0,10,2.0,10.0,24,468.0
25,3,0,10,2.0,10.0,25,591.0
26,3,0,10,2.0,10.0,26,56.0
27,3,0,10,2.0,10.0,27,71.0
28,3,0,10,2.0,10.0,28,237.0
29,3,0,10,2.0,10.0,29,97.0
30,3,0,10,2.0,10.0,30,125.0
31,3,0,10,2.0,10.0,31,111.0
32,3,0,10,2.0,10.0,32,239.0
33,3,0,10,2.0,10.0,33,196.0
34,3,0,10,2.0,10.0,34,295.0
35,3,0,10,2.0,10.0,35,245.0
36,3,0,10,2.0,10.0,36,89.0
37,3,0,10,2.0,10.0,37,483.0
38,3,0,10,2.0,10.0,38,94.0
39,3,0,10,2.0,10.0,39,379.0
40,3,0,10,2.0,10.0,40,281.0
41,3,0,10,2.0,10.0,41,388.0
42,3,0,10,2.0,10.0,42,252.0
43,3,0,10,2.0,10.0,43,250.0
44,3,0,10,2.0,10.0,44,154.0
45,3,0,10,2.0,10.0,45,156.0
46,3,0,10,2.0,10.0,46,336.0
47,3,0,10,2.0,10.0,47,113.0
48,3,0,10,2.0,10.0,48,292.0
49,3,0,10,2.0,10.0,49,294.0
50,3,0,10,2.0,10.0,50,317.0
