,Seed,Gravity,Length,Episode,Score
0,0,0.5,9.8,0,14.0
1,0,0.5,9.8,1,16.0
2,0,0.5,9.8,2,28.0
3,0,0.5,9.8,3,18.0
4,0,0.5,9.8,4,10.0
5,0,0.5,9.8,5,18.0
6,0,0.5,9.8,6,73.0
7,0,0.5,9.8,7,70.0
8,0,0.5,9.8,8,26.0
9,0,0.5,9.8,9,27.0
10,0,0.5,9.8,10,23.0
11,0,0.5,9.8,11,51.0
12,0,0.5,9.8,12,51.0
13,0,0.5,9.8,13,37.0
14,0,0.5,9.8,14,12.0
15,0,0.5,9.8,15,18.0
16,0,0.5,9.8,16,13.0
17,0,0.5,9.8,17,16.0
18,0,0.5,9.8,18,11.0
19,0,0.5,9.8,19,24.0
20,0,0.5,9.8,20,11.0
21,0,0.5,9.8,21,19.0
22,0,0.5,9.8,22,19.0
23,0,0.5,9.8,23,13.0
24,0,0.5,9.8,24,13.0
25,0,0.5,9.8,25,16.0
26,0,0.5,9.8,26,38.0
27,0,0.5,9.8,27,25.0
28,0,0.5,9.8,28,48.0
29,0,0.5,9.8,29,9.0
30,0,0.5,9.8,30,26.0
31,0,0.5,9.8,31,24.0
32,0,0.5,9.8,32,17.0
33,0,0.5,9.8,33,19.0
34,0,0.5,9.8,34,37.0
35,0,0.5,9.8,35,11.0
36,0,0.5,9.8,36,17.0
37,0,0.5,9.8,37,12.0
38,0,0.5,9.8,38,12.0
39,0,0.5,9.8,39,14.0
40,0,0.5,9.8,40,14.0
41,0,0.5,9.8,41,12.0
42,0,0.5,9.8,42,19.0
43,0,0.5,9.8,43,20.0
44,0,0.5,9.8,44,17.0
45,0,0.5,9.8,45,14.0
46,0,0.5,9.8,46,23.0
47,0,0.5,9.8,47,18.0
48,0,0.5,9.8,48,23.0
49,0,0.5,9.8,49,39.0
50,0,0.5,9.8,50,14.0
51,0,0.5,9.8,51,10.0
52,0,0.5,9.8,52,17.0
53,0,0.5,9.8,53,13.0
54,0,0.5,9.8,54,38.0
55,0,0.5,9.8,55,10.0
56,0,0.5,9.8,56,25.0
57,0,0.5,9.8,57,13.0
58,0,0.5,9.8,58,9.0
59,0,0.5,9.8,59,10.0
60,0,0.5,9.8,60,17.0
61,0,0.5,9.8,61,18.0
62,0,0.5,9.8,62,23.0
63,0,0.5,9.8,63,13.0
64,0,0.5,9.8,64,13.0
65,0,0.5,9.8,65,10.0
66,0,0.5,9.8,66,12.0
67,0,0.5,9.8,67,10.0
68,0,0.5,9.8,68,16.0
69,0,0.5,9.8,69,11.0
70,0,0.5,9.8,70,14.0
71,0,0.5,9.8,71,24.0
72,0,0.5,9.8,72,12.0
73,0,0.5,9.8,73,10.0
74,0,0.5,9.8,74,13.0
75,0,0.5,9.8,75,14.0
76,0,0.5,9.8,76,12.0
77,0,0.5,9.8,77,26.0
78,0,0.5,9.8,78,10.0
79,0,0.5,9.8,79,10.0
80,0,0.5,9.8,80,15.0
81,0,0.5,9.8,81,28.0
82,0,0.5,9.8,82,10.0
83,0,0.5,9.8,83,22.0
84,0,0.5,9.8,84,13.0
85,0,0.5,9.8,85,11.0
86,0,0.5,9.8,86,12.0
87,0,0.5,9.8,87,11.0
88,0,0.5,9.8,88,17.0
89,0,0.5,9.8,89,11.0
90,0,0.5,9.8,90,20.0
91,0,0.5,9.8,91,11.0
92,0,0.5,9.8,92,12.0
93,0,0.5,9.8,93,13.0
94,0,0.5,9.8,94,13.0
95,0,0.5,9.8,95,32.0
96,0,0.5,9.8,96,16.0
97,0,0.5,9.8,97,13.0
98,0,0.5,9.8,98,17.0
99,0,0.5,9.8,99,19.0
100,0,0.5,9.8,100,33.0
101,0,0.5,9.8,101,11.0
102,0,0.5,9.8,102,12.0
103,0,0.5,9.8,103,13.0
104,0,0.5,9.8,104,11.0
105,0,0.5,9.8,105,13.0
106,0,0.5,9.8,106,12.0
107,0,0.5,9.8,107,12.0
108,0,0.5,9.8,108,24.0
109,0,0.5,9.8,109,10.0
110,0,0.5,9.8,110,11.0
111,0,0.5,9.8,111,9.0
112,0,0.5,9.8,112,11.0
113,0,0.5,9.8,113,14.0
114,0,0.5,9.8,114,11.0
115,0,0.5,9.8,115,30.0
116,0,0.5,9.8,116,18.0
117,0,0.5,9.8,117,13.0
118,0,0.5,9.8,118,11.0
119,0,0.5,9.8,119,13.0
120,0,0.5,9.8,120,18.0
121,0,0.5,9.8,121,11.0
122,0,0.5,9.8,122,22.0
123,0,0.5,9.8,123,8.0
124,0,0.5,9.8,124,16.0
125,0,0.5,9.8,125,11.0
126,0,0.5,9.8,126,9.0
127,0,0.5,9.8,127,16.0
128,0,0.5,9.8,128,12.0
129,0,0.5,9.8,129,14.0
130,0,0.5,9.8,130,15.0
131,0,0.5,9.8,131,10.0
132,0,0.5,9.8,132,23.0
133,0,0.5,9.8,133,16.0
134,0,0.5,9.8,134,26.0
135,0,0.5,9.8,135,12.0
136,0,0.5,9.8,136,9.0
137,0,0.5,9.8,137,14.0
138,0,0.5,9.8,138,17.0
139,0,0.5,9.8,139,18.0
140,0,0.5,9.8,140,21.0
141,0,0.5,9.8,141,21.0
142,0,0.5,9.8,142,11.0
143,0,0.5,9.8,143,20.0
144,0,0.5,9.8,144,14.0
145,0,0.5,9.8,145,23.0
146,0,0.5,9.8,146,34.0
147,0,0.5,9.8,147,13.0
148,0,0.5,9.8,148,35.0
149,0,0.5,9.8,149,11.0
150,0,0.5,9.8,150,13.0
151,0,0.5,9.8,151,11.0
152,0,0.5,9.8,152,13.0
153,0,0.5,9.8,153,10.0
154,0,0.5,9.8,154,17.0
155,0,0.5,9.8,155,13.0
156,0,0.5,9.8,156,13.0
157,0,0.5,9.8,157,11.0
158,0,0.5,9.8,158,13.0
159,0,0.5,9.8,159,15.0
160,0,0.5,9.8,160,14.0
161,0,0.5,9.8,161,11.0
162,0,0.5,9.8,162,11.0
163,0,0.5,9.8,163,13.0
164,0,0.5,9.8,164,9.0
165,0,0.5,9.8,165,12.0
166,0,0.5,9.8,166,10.0
167,0,0.5,9.8,167,14.0
168,0,0.5,9.8,168,9.0
169,0,0.5,9.8,169,13.0
170,0,0.5,9.8,170,18.0
171,0,0.5,9.8,171,21.0
172,0,0.5,9.8,172,27.0
173,0,0.5,9.8,173,19.0
174,0,0.5,9.8,174,11.0
175,0,0.5,9.8,175,12.0
176,0,0.5,9.8,176,12.0
177,0,0.5,9.8,177,15.0
178,0,0.5,9.8,178,24.0
179,0,0.5,9.8,179,8.0
180,0,0.5,9.8,180,24.0
181,0,0.5,9.8,181,9.0
182,0,0.5,9.8,182,16.0
183,0,0.5,9.8,183,9.0
184,0,0.5,9.8,184,23.0
185,0,0.5,9.8,185,14.0
186,0,0.5,9.8,186,12.0
187,0,0.5,9.8,187,25.0
188,0,0.5,9.8,188,46.0
189,0,0.5,9.8,189,26.0
190,0,0.5,9.8,190,16.0
191,0,0.5,9.8,191,36.0
192,0,0.5,9.8,192,12.0
193,0,0.5,9.8,193,12.0
194,0,0.5,9.8,194,10.0
195,0,0.5,9.8,195,13.0
196,0,0.5,9.8,196,11.0
197,0,0.5,9.8,197,31.0
198,0,0.5,9.8,198,13.0
199,0,0.5,9.8,199,9.0
200,0,0.5,9.8,200,22.0
201,0,0.5,9.8,201,12.0
202,0,0.5,9.8,202,12.0
203,0,0.5,9.8,203,12.0
204,0,0.5,9.8,204,10.0
205,0,0.5,9.8,205,14.0
206,0,0.5,9.8,206,9.0
207,0,0.5,9.8,207,15.0
208,0,0.5,9.8,208,14.0
209,0,0.5,9.8,209,13.0
210,0,0.5,9.8,210,10.0
211,0,0.5,9.8,211,10.0
212,0,0.5,9.8,212,13.0
213,0,0.5,9.8,213,10.0
214,0,0.5,9.8,214,11.0
215,0,0.5,9.8,215,8.0
216,0,0.5,9.8,216,12.0
217,0,0.5,9.8,217,11.0
218,0,0.5,9.8,218,9.0
219,0,0.5,9.8,219,10.0
220,0,0.5,9.8,220,10.0
221,0,0.5,9.8,221,11.0
222,0,0.5,9.8,222,10.0
223,0,0.5,9.8,223,12.0
224,0,0.5,9.8,224,10.0
225,0,0.5,9.8,225,10.0
226,0,0.5,9.8,226,10.0
227,0,0.5,9.8,227,12.0
228,0,0.5,9.8,228,13.0
229,0,0.5,9.8,229,10.0
230,0,0.5,9.8,230,9.0
231,0,0.5,9.8,231,10.0
232,0,0.5,9.8,232,10.0
233,0,0.5,9.8,233,10.0
234,0,0.5,9.8,234,10.0
235,0,0.5,9.8,235,9.0
236,0,0.5,9.8,236,10.0
237,0,0.5,9.8,237,14.0
238,0,0.5,9.8,238,9.0
239,0,0.5,9.8,239,10.0
240,0,0.5,9.8,240,10.0
241,0,0.5,9.8,241,15.0
242,0,0.5,9.8,242,10.0
243,0,0.5,9.8,243,10.0
244,0,0.5,9.8,244,10.0
245,0,0.5,9.8,245,10.0
246,0,0.5,9.8,246,10.0
247,0,0.5,9.8,247,10.0
248,0,0.5,9.8,248,14.0
249,0,0.5,9.8,249,15.0
250,0,0.5,9.8,250,10.0
251,0,0.5,9.8,251,11.0
252,0,0.5,9.8,252,14.0
253,0,0.5,9.8,253,9.0
254,0,0.5,9.8,254,10.0
255,0,0.5,9.8,255,12.0
256,0,0.5,9.8,256,8.0
257,0,0.5,9.8,257,11.0
258,0,0.5,9.8,258,10.0
259,0,0.5,9.8,259,12.0
260,0,0.5,9.8,260,13.0
261,0,0.5,9.8,261,10.0
262,0,0.5,9.8,262,12.0
263,0,0.5,9.8,263,12.0
264,0,0.5,9.8,264,10.0
265,0,0.5,9.8,265,9.0
266,0,0.5,9.8,266,13.0
267,0,0.5,9.8,267,10.0
268,0,0.5,9.8,268,12.0
269,0,0.5,9.8,269,11.0
270,0,0.5,9.8,270,8.0
271,0,0.5,9.8,271,17.0
272,0,0.5,9.8,272,11.0
273,0,0.5,9.8,273,16.0
274,0,0.5,9.8,274,10.0
275,0,0.5,9.8,275,15.0
276,0,0.5,9.8,276,13.0
277,0,0.5,9.8,277,9.0
278,0,0.5,9.8,278,21.0
279,0,0.5,9.8,279,9.0
280,0,0.5,9.8,280,40.0
281,0,0.5,9.8,281,8.0
282,0,0.5,9.8,282,9.0
283,0,0.5,9.8,283,9.0
284,0,0.5,9.8,284,11.0
285,0,0.5,9.8,285,11.0
286,0,0.5,9.8,286,9.0
287,0,0.5,9.8,287,10.0
288,0,0.5,9.8,288,10.0
289,0,0.5,9.8,289,14.0
290,0,0.5,9.8,290,18.0
291,0,0.5,9.8,291,10.0
292,0,0.5,9.8,292,23.0
293,0,0.5,9.8,293,9.0
294,0,0.5,9.8,294,30.0
295,0,0.5,9.8,295,10.0
296,0,0.5,9.8,296,8.0
297,0,0.5,9.8,297,11.0
298,0,0.5,9.8,298,11.0
299,0,0.5,9.8,299,9.0
300,0,0.5,9.8,300,11.0
301,0,0.5,9.8,301,10.0
302,0,0.5,9.8,302,11.0
303,0,0.5,9.8,303,9.0
304,0,0.5,9.8,304,10.0
305,0,0.5,9.8,305,16.0
306,0,0.5,9.8,306,8.0
307,0,0.5,9.8,307,10.0
308,0,0.5,9.8,308,9.0
309,0,0.5,9.8,309,16.0
310,0,0.5,9.8,310,14.0
311,0,0.5,9.8,311,12.0
312,0,0.5,9.8,312,9.0
313,0,0.5,9.8,313,12.0
314,0,0.5,9.8,314,14.0
315,0,0.5,9.8,315,12.0
316,0,0.5,9.8,316,19.0
317,0,0.5,9.8,317,11.0
318,0,0.5,9.8,318,10.0
319,0,0.5,9.8,319,10.0
320,0,0.5,9.8,320,11.0
321,0,0.5,9.8,321,10.0
322,0,0.5,9.8,322,11.0
323,0,0.5,9.8,323,12.0
324,0,0.5,9.8,324,10.0
325,0,0.5,9.8,325,16.0
326,0,0.5,9.8,326,11.0
327,0,0.5,9.8,327,11.0
328,0,0.5,9.8,328,10.0
329,0,0.5,9.8,329,11.0
330,0,0.5,9.8,330,9.0
331,0,0.5,9.8,331,10.0
332,0,0.5,9.8,332,14.0
333,0,0.5,9.8,333,18.0
334,0,0.5,9.8,334,9.0
335,0,0.5,9.8,335,9.0
336,0,0.5,9.8,336,11.0
337,0,0.5,9.8,337,23.0
338,0,0.5,9.8,338,11.0
339,0,0.5,9.8,339,10.0
340,0,0.5,9.8,340,23.0
341,0,0.5,9.8,341,10.0
342,0,0.5,9.8,342,9.0
343,0,0.5,9.8,343,11.0
344,0,0.5,9.8,344,8.0
345,0,0.5,9.8,345,13.0
346,0,0.5,9.8,346,15.0
347,0,0.5,9.8,347,11.0
348,0,0.5,9.8,348,15.0
349,0,0.5,9.8,349,8.0
350,0,0.5,9.8,350,12.0
351,0,0.5,9.8,351,14.0
352,0,0.5,9.8,352,9.0
353,0,0.5,9.8,353,12.0
354,0,0.5,9.8,354,16.0
355,0,0.5,9.8,355,13.0
356,0,0.5,9.8,356,14.0
357,0,0.5,9.8,357,22.0
358,0,0.5,9.8,358,10.0
359,0,0.5,9.8,359,16.0
360,0,0.5,9.8,360,15.0
361,0,0.5,9.8,361,15.0
362,0,0.5,9.8,362,21.0
363,0,0.5,9.8,363,11.0
364,0,0.5,9.8,364,11.0
365,0,0.5,9.8,365,10.0
366,0,0.5,9.8,366,9.0
367,0,0.5,9.8,367,14.0
368,0,0.5,9.8,368,13.0
369,0,0.5,9.8,369,13.0
370,0,0.5,9.8,370,19.0
371,0,0.5,9.8,371,10.0
372,0,0.5,9.8,372,9.0
373,0,0.5,9.8,373,9.0
374,0,0.5,9.8,374,13.0
375,0,0.5,9.8,375,11.0
376,0,0.5,9.8,376,15.0
377,0,0.5,9.8,377,14.0
378,0,0.5,9.8,378,20.0
379,0,0.5,9.8,379,13.0
380,0,0.5,9.8,380,11.0
381,0,0.5,9.8,381,11.0
382,0,0.5,9.8,382,10.0
383,0,0.5,9.8,383,26.0
384,0,0.5,9.8,384,8.0
385,0,0.5,9.8,385,9.0
386,0,0.5,9.8,386,9.0
387,0,0.5,9.8,387,14.0
388,0,0.5,9.8,388,10.0
389,0,0.5,9.8,389,10.0
390,0,0.5,9.8,390,9.0
391,0,0.5,9.8,391,10.0
392,0,0.5,9.8,392,9.0
393,0,0.5,9.8,393,10.0
394,0,0.5,9.8,394,10.0
395,0,0.5,9.8,395,10.0
396,0,0.5,9.8,396,12.0
397,0,0.5,9.8,397,9.0
398,0,0.5,9.8,398,9.0
399,0,0.5,9.8,399,10.0
400,0,0.5,9.8,400,10.0
401,0,0.5,9.8,401,9.0
402,0,0.5,9.8,402,11.0
403,0,0.5,9.8,403,10.0
404,0,0.5,9.8,404,13.0
405,0,0.5,9.8,405,9.0
406,0,0.5,9.8,406,12.0
407,0,0.5,9.8,407,17.0
408,0,0.5,9.8,408,9.0
409,0,0.5,9.8,409,11.0
410,0,0.5,9.8,410,9.0
411,0,0.5,9.8,411,12.0
412,0,0.5,9.8,412,14.0
413,0,0.5,9.8,413,9.0
414,0,0.5,9.8,414,11.0
415,0,0.5,9.8,415,10.0
416,0,0.5,9.8,416,11.0
417,0,0.5,9.8,417,10.0
418,0,0.5,9.8,418,12.0
419,0,0.5,9.8,419,8.0
420,0,0.5,9.8,420,11.0
421,0,0.5,9.8,421,11.0
422,0,0.5,9.8,422,9.0
423,0,0.5,9.8,423,16.0
424,0,0.5,9.8,424,15.0
425,0,0.5,9.8,425,10.0
426,0,0.5,9.8,426,12.0
427,0,0.5,9.8,427,9.0
428,0,0.5,9.8,428,9.0
429,0,0.5,9.8,429,12.0
430,0,0.5,9.8,430,11.0
431,0,0.5,9.8,431,10.0
432,0,0.5,9.8,432,10.0
433,0,0.5,9.8,433,11.0
434,0,0.5,9.8,434,14.0
435,0,0.5,9.8,435,12.0
436,0,0.5,9.8,436,11.0
437,0,0.5,9.8,437,15.0
438,0,0.5,9.8,438,13.0
439,0,0.5,9.8,439,20.0
440,0,0.5,9.8,440,9.0
441,0,0.5,9.8,441,13.0
442,0,0.5,9.8,442,9.0
443,0,0.5,9.8,443,11.0
444,0,0.5,9.8,444,10.0
445,0,0.5,9.8,445,12.0
446,0,0.5,9.8,446,11.0
447,0,0.5,9.8,447,10.0
448,0,0.5,9.8,448,8.0
449,0,0.5,9.8,449,12.0
450,0,0.5,9.8,450,9.0
451,0,0.5,9.8,451,9.0
452,0,0.5,9.8,452,9.0
453,0,0.5,9.8,453,9.0
454,0,0.5,9.8,454,10.0
455,0,0.5,9.8,455,10.0
456,0,0.5,9.8,456,9.0
457,0,0.5,9.8,457,9.0
458,0,0.5,9.8,458,9.0
459,0,0.5,9.8,459,9.0
460,0,0.5,9.8,460,11.0
461,0,0.5,9.8,461,30.0
462,0,0.5,9.8,462,11.0
463,0,0.5,9.8,463,9.0
464,0,0.5,9.8,464,28.0
465,0,0.5,9.8,465,8.0
466,0,0.5,9.8,466,11.0
467,0,0.5,9.8,467,10.0
468,0,0.5,9.8,468,10.0
469,0,0.5,9.8,469,13.0
470,0,0.5,9.8,470,10.0
471,0,0.5,9.8,471,11.0
472,0,0.5,9.8,472,10.0
473,0,0.5,9.8,473,10.0
474,0,0.5,9.8,474,9.0
475,0,0.5,9.8,475,10.0
476,0,0.5,9.8,476,10.0
477,0,0.5,9.8,477,10.0
478,0,0.5,9.8,478,12.0
479,0,0.5,9.8,479,11.0
480,0,0.5,9.8,480,10.0
481,0,0.5,9.8,481,9.0
482,0,0.5,9.8,482,12.0
483,0,0.5,9.8,483,9.0
484,0,0.5,9.8,484,10.0
485,0,0.5,9.8,485,9.0
486,0,0.5,9.8,486,8.0
487,0,0.5,9.8,487,10.0
488,0,0.5,9.8,488,10.0
489,0,0.5,9.8,489,9.0
490,0,0.5,9.8,490,8.0
491,0,0.5,9.8,491,10.0
492,0,0.5,9.8,492,10.0
493,0,0.5,9.8,493,9.0
494,0,0.5,9.8,494,9.0
495,0,0.5,9.8,495,9.0
496,0,0.5,9.8,496,9.0
497,0,0.5,9.8,497,10.0
498,0,0.5,9.8,498,10.0
499,0,0.5,9.8,499,10.0
500,0,0.5,9.8,500,9.0
501,0,0.5,9.8,501,10.0
502,0,0.5,9.8,502,10.0
503,0,0.5,9.8,503,11.0
504,0,0.5,9.8,504,9.0
505,0,0.5,9.8,505,8.0
506,0,0.5,9.8,506,10.0
507,0,0.5,9.8,507,10.0
508,0,0.5,9.8,508,9.0
509,0,0.5,9.8,509,12.0
510,0,0.5,9.8,510,9.0
511,0,0.5,9.8,511,9.0
512,0,0.5,9.8,512,10.0
513,0,0.5,9.8,513,10.0
514,0,0.5,9.8,514,9.0
515,0,0.5,9.8,515,9.0
516,0,0.5,9.8,516,12.0
517,0,0.5,9.8,517,11.0
518,0,0.5,9.8,518,10.0
519,0,0.5,9.8,519,10.0
520,0,0.5,9.8,520,9.0
521,0,0.5,9.8,521,10.0
522,0,0.5,9.8,522,13.0
523,0,0.5,9.8,523,10.0
524,0,0.5,9.8,524,10.0
525,0,0.5,9.8,525,10.0
526,0,0.5,9.8,526,10.0
527,0,0.5,9.8,527,11.0
528,0,0.5,9.8,528,9.0
529,0,0.5,9.8,529,10.0
530,0,0.5,9.8,530,10.0
531,0,0.5,9.8,531,14.0
532,0,0.5,9.8,532,10.0
533,0,0.5,9.8,533,10.0
534,0,0.5,9.8,534,9.0
535,0,0.5,9.8,535,10.0
536,0,0.5,9.8,536,9.0
537,0,0.5,9.8,537,9.0
538,0,0.5,9.8,538,9.0
539,0,0.5,9.8,539,11.0
540,0,0.5,9.8,540,10.0
541,0,0.5,9.8,541,9.0
542,0,0.5,9.8,542,8.0
543,0,0.5,9.8,543,8.0
544,0,0.5,9.8,544,10.0
545,0,0.5,9.8,545,10.0
546,0,0.5,9.8,546,9.0
547,0,0.5,9.8,547,10.0
548,0,0.5,9.8,548,9.0
549,0,0.5,9.8,549,10.0
550,0,0.5,9.8,550,9.0
551,0,0.5,9.8,551,10.0
552,0,0.5,9.8,552,11.0
553,0,0.5,9.8,553,9.0
554,0,0.5,9.8,554,9.0
555,0,0.5,9.8,555,10.0
556,0,0.5,9.8,556,10.0
557,0,0.5,9.8,557,10.0
558,0,0.5,9.8,558,9.0
559,0,0.5,9.8,559,10.0
560,0,0.5,9.8,560,10.0
561,0,0.5,9.8,561,9.0
562,0,0.5,9.8,562,8.0
563,0,0.5,9.8,563,9.0
564,0,0.5,9.8,564,10.0
565,0,0.5,9.8,565,10.0
566,0,0.5,9.8,566,10.0
567,0,0.5,9.8,567,8.0
568,0,0.5,9.8,568,10.0
569,0,0.5,9.8,569,10.0
570,0,0.5,9.8,570,9.0
571,0,0.5,9.8,571,10.0
572,0,0.5,9.8,572,10.0
573,0,0.5,9.8,573,9.0
574,0,0.5,9.8,574,9.0
575,0,0.5,9.8,575,9.0
576,0,0.5,9.8,576,10.0
577,0,0.5,9.8,577,9.0
578,0,0.5,9.8,578,10.0
579,0,0.5,9.8,579,10.0
580,0,0.5,9.8,580,8.0
581,0,0.5,9.8,581,10.0
582,0,0.5,9.8,582,11.0
583,0,0.5,9.8,583,9.0
584,0,0.5,9.8,584,9.0
585,0,0.5,9.8,585,10.0
586,0,0.5,9.8,586,10.0
587,0,0.5,9.8,587,10.0
588,0,0.5,9.8,588,10.0
589,0,0.5,9.8,589,8.0
590,0,0.5,9.8,590,10.0
591,0,0.5,9.8,591,9.0
592,0,0.5,9.8,592,9.0
593,0,0.5,9.8,593,9.0
594,0,0.5,9.8,594,9.0
595,0,0.5,9.8,595,10.0
596,0,0.5,9.8,596,9.0
597,0,0.5,9.8,597,9.0
598,0,0.5,9.8,598,11.0
599,0,0.5,9.8,599,9.0
600,0,0.5,9.8,600,9.0
601,0,0.5,9.8,601,10.0
602,0,0.5,9.8,602,9.0
603,0,0.5,9.8,603,11.0
604,0,0.5,9.8,604,10.0
605,0,0.5,9.8,605,10.0
606,0,0.5,9.8,606,10.0
607,0,0.5,9.8,607,9.0
608,0,0.5,9.8,608,10.0
609,0,0.5,9.8,609,9.0
610,0,0.5,9.8,610,11.0
611,0,0.5,9.8,611,10.0
612,0,0.5,9.8,612,10.0
613,0,0.5,9.8,613,10.0
614,0,0.5,9.8,614,9.0
615,0,0.5,9.8,615,9.0
616,0,0.5,9.8,616,9.0
617,0,0.5,9.8,617,10.0
618,0,0.5,9.8,618,10.0
619,0,0.5,9.8,619,11.0
620,0,0.5,9.8,620,11.0
621,0,0.5,9.8,621,9.0
622,0,0.5,9.8,622,9.0
623,0,0.5,9.8,623,10.0
624,0,0.5,9.8,624,9.0
625,0,0.5,9.8,625,9.0
626,0,0.5,9.8,626,8.0
627,0,0.5,9.8,627,11.0
628,0,0.5,9.8,628,9.0
629,0,0.5,9.8,629,10.0
630,0,0.5,9.8,630,10.0
631,0,0.5,9.8,631,11.0
632,0,0.5,9.8,632,8.0
633,0,0.5,9.8,633,10.0
634,0,0.5,9.8,634,12.0
635,0,0.5,9.8,635,10.0
636,0,0.5,9.8,636,10.0
637,0,0.5,9.8,637,9.0
638,0,0.5,9.8,638,10.0
639,0,0.5,9.8,639,9.0
640,0,0.5,9.8,640,9.0
641,0,0.5,9.8,641,9.0
642,0,0.5,9.8,642,8.0
643,0,0.5,9.8,643,11.0
644,0,0.5,9.8,644,9.0
645,0,0.5,9.8,645,9.0
646,0,0.5,9.8,646,10.0
647,0,0.5,9.8,647,10.0
648,0,0.5,9.8,648,9.0
649,0,0.5,9.8,649,9.0
650,0,0.5,9.8,650,10.0
651,0,0.5,9.8,651,9.0
652,0,0.5,9.8,652,10.0
653,0,0.5,9.8,653,8.0
654,0,0.5,9.8,654,11.0
655,0,0.5,9.8,655,9.0
656,0,0.5,9.8,656,10.0
657,0,0.5,9.8,657,10.0
658,0,0.5,9.8,658,9.0
659,0,0.5,9.8,659,11.0
660,0,0.5,9.8,660,9.0
661,0,0.5,9.8,661,9.0
662,0,0.5,9.8,662,9.0
663,0,0.5,9.8,663,10.0
664,0,0.5,9.8,664,14.0
665,0,0.5,9.8,665,11.0
666,0,0.5,9.8,666,9.0
667,0,0.5,9.8,667,10.0
668,0,0.5,9.8,668,9.0
669,0,0.5,9.8,669,11.0
670,0,0.5,9.8,670,13.0
671,0,0.5,9.8,671,12.0
672,0,0.5,9.8,672,10.0
673,0,0.5,9.8,673,10.0
674,0,0.5,9.8,674,9.0
675,0,0.5,9.8,675,9.0
676,0,0.5,9.8,676,8.0
677,0,0.5,9.8,677,9.0
678,0,0.5,9.8,678,9.0
679,0,0.5,9.8,679,10.0
680,0,0.5,9.8,680,13.0
681,0,0.5,9.8,681,11.0
682,0,0.5,9.8,682,10.0
683,0,0.5,9.8,683,11.0
684,0,0.5,9.8,684,13.0
685,0,0.5,9.8,685,9.0
686,0,0.5,9.8,686,9.0
687,0,0.5,9.8,687,10.0
688,0,0.5,9.8,688,11.0
689,0,0.5,9.8,689,10.0
690,0,0.5,9.8,690,10.0
691,0,0.5,9.8,691,11.0
692,0,0.5,9.8,692,10.0
693,0,0.5,9.8,693,9.0
694,0,0.5,9.8,694,9.0
695,0,0.5,9.8,695,9.0
696,0,0.5,9.8,696,11.0
697,0,0.5,9.8,697,9.0
698,0,0.5,9.8,698,10.0
699,0,0.5,9.8,699,10.0
700,0,0.5,9.8,700,10.0
701,0,0.5,9.8,701,10.0
702,0,0.5,9.8,702,29.0
703,0,0.5,9.8,703,10.0
704,0,0.5,9.8,704,10.0
705,0,0.5,9.8,705,10.0
706,0,0.5,9.8,706,10.0
707,0,0.5,9.8,707,9.0
708,0,0.5,9.8,708,10.0
709,0,0.5,9.8,709,10.0
710,0,0.5,9.8,710,9.0
711,0,0.5,9.8,711,8.0
712,0,0.5,9.8,712,10.0
713,0,0.5,9.8,713,9.0
714,0,0.5,9.8,714,9.0
715,0,0.5,9.8,715,8.0
716,0,0.5,9.8,716,10.0
717,0,0.5,9.8,717,10.0
718,0,0.5,9.8,718,8.0
719,0,0.5,9.8,719,10.0
720,0,0.5,9.8,720,11.0
721,0,0.5,9.8,721,9.0
722,0,0.5,9.8,722,9.0
723,0,0.5,9.8,723,10.0
724,0,0.5,9.8,724,8.0
725,0,0.5,9.8,725,61.0
726,0,0.5,9.8,726,9.0
727,0,0.5,9.8,727,9.0
728,0,0.5,9.8,728,9.0
729,0,0.5,9.8,729,8.0
730,0,0.5,9.8,730,10.0
731,0,0.5,9.8,731,10.0
732,0,0.5,9.8,732,10.0
733,0,0.5,9.8,733,13.0
734,0,0.5,9.8,734,63.0
735,0,0.5,9.8,735,17.0
736,0,0.5,9.8,736,29.0
737,0,0.5,9.8,737,9.0
738,0,0.5,9.8,738,10.0
739,0,0.5,9.8,739,10.0
740,0,0.5,9.8,740,10.0
741,0,0.5,9.8,741,29.0
742,0,0.5,9.8,742,24.0
743,0,0.5,9.8,743,10.0
744,0,0.5,9.8,744,9.0
745,0,0.5,9.8,745,8.0
746,0,0.5,9.8,746,10.0
747,0,0.5,9.8,747,9.0
748,0,0.5,9.8,748,9.0
749,0,0.5,9.8,749,8.0
750,0,0.5,9.8,750,10.0
751,0,0.5,9.8,751,10.0
752,0,0.5,9.8,752,8.0
753,0,0.5,9.8,753,13.0
754,0,0.5,9.8,754,24.0
755,0,0.5,9.8,755,8.0
756,0,0.5,9.8,756,9.0
757,0,0.5,9.8,757,9.0
758,0,0.5,9.8,758,10.0
759,0,0.5,9.8,759,9.0
760,0,0.5,9.8,760,10.0
761,0,0.5,9.8,761,12.0
762,0,0.5,9.8,762,9.0
763,0,0.5,9.8,763,10.0
764,0,0.5,9.8,764,28.0
765,0,0.5,9.8,765,13.0
766,0,0.5,9.8,766,9.0
767,0,0.5,9.8,767,9.0
768,0,0.5,9.8,768,12.0
769,0,0.5,9.8,769,11.0
770,0,0.5,9.8,770,11.0
771,0,0.5,9.8,771,12.0
772,0,0.5,9.8,772,26.0
773,0,0.5,9.8,773,9.0
774,0,0.5,9.8,774,10.0
775,0,0.5,9.8,775,10.0
776,0,0.5,9.8,776,9.0
777,0,0.5,9.8,777,10.0
778,0,0.5,9.8,778,8.0
779,0,0.5,9.8,779,10.0
780,0,0.5,9.8,780,11.0
781,0,0.5,9.8,781,11.0
782,0,0.5,9.8,782,8.0
783,0,0.5,9.8,783,8.0
784,0,0.5,9.8,784,9.0
785,0,0.5,9.8,785,11.0
786,0,0.5,9.8,786,10.0
787,0,0.5,9.8,787,9.0
788,0,0.5,9.8,788,10.0
789,0,0.5,9.8,789,9.0
790,0,0.5,9.8,790,10.0
791,0,0.5,9.8,791,10.0
792,0,0.5,9.8,792,10.0
793,0,0.5,9.8,793,9.0
794,0,0.5,9.8,794,8.0
795,0,0.5,9.8,795,10.0
796,0,0.5,9.8,796,11.0
797,0,0.5,9.8,797,9.0
798,0,0.5,9.8,798,10.0
799,0,0.5,9.8,799,10.0
800,0,0.5,9.8,800,9.0
801,0,0.5,9.8,801,13.0
802,0,0.5,9.8,802,12.0
803,0,0.5,9.8,803,9.0
804,0,0.5,9.8,804,10.0
805,0,0.5,9.8,805,11.0
806,0,0.5,9.8,806,19.0
807,0,0.5,9.8,807,14.0
808,0,0.5,9.8,808,9.0
809,0,0.5,9.8,809,11.0
810,0,0.5,9.8,810,10.0
811,0,0.5,9.8,811,9.0
812,0,0.5,9.8,812,9.0
813,0,0.5,9.8,813,8.0
814,0,0.5,9.8,814,10.0
815,0,0.5,9.8,815,12.0
816,0,0.5,9.8,816,9.0
817,0,0.5,9.8,817,12.0
818,0,0.5,9.8,818,10.0
819,0,0.5,9.8,819,9.0
820,0,0.5,9.8,820,11.0
821,0,0.5,9.8,821,10.0
822,0,0.5,9.8,822,17.0
823,0,0.5,9.8,823,31.0
824,0,0.5,9.8,824,29.0
825,0,0.5,9.8,825,16.0
826,0,0.5,9.8,826,16.0
827,0,0.5,9.8,827,17.0
828,0,0.5,9.8,828,14.0
829,0,0.5,9.8,829,12.0
830,0,0.5,9.8,830,9.0
831,0,0.5,9.8,831,11.0
832,0,0.5,9.8,832,12.0
833,0,0.5,9.8,833,15.0
834,0,0.5,9.8,834,30.0
835,0,0.5,9.8,835,10.0
836,0,0.5,9.8,836,10.0
837,0,0.5,9.8,837,17.0
838,0,0.5,9.8,838,47.0
839,0,0.5,9.8,839,16.0
840,0,0.5,9.8,840,18.0
841,0,0.5,9.8,841,16.0
842,0,0.5,9.8,842,17.0
843,0,0.5,9.8,843,25.0
844,0,0.5,9.8,844,23.0
845,0,0.5,9.8,845,16.0
846,0,0.5,9.8,846,15.0
847,0,0.5,9.8,847,13.0
848,0,0.5,9.8,848,19.0
849,0,0.5,9.8,849,15.0
850,0,0.5,9.8,850,21.0
851,0,0.5,9.8,851,13.0
852,0,0.5,9.8,852,15.0
853,0,0.5,9.8,853,12.0
854,0,0.5,9.8,854,19.0
855,0,0.5,9.8,855,12.0
856,0,0.5,9.8,856,16.0
857,0,0.5,9.8,857,12.0
858,0,0.5,9.8,858,12.0
859,0,0.5,9.8,859,14.0
860,0,0.5,9.8,860,13.0
861,0,0.5,9.8,861,14.0
862,0,0.5,9.8,862,14.0
863,0,0.5,9.8,863,19.0
864,0,0.5,9.8,864,20.0
865,0,0.5,9.8,865,13.0
866,0,0.5,9.8,866,16.0
867,0,0.5,9.8,867,12.0
868,0,0.5,9.8,868,13.0
869,0,0.5,9.8,869,14.0
870,0,0.5,9.8,870,17.0
871,0,0.5,9.8,871,20.0
872,0,0.5,9.8,872,14.0
873,0,0.5,9.8,873,12.0
874,0,0.5,9.8,874,22.0
875,0,0.5,9.8,875,15.0
876,0,0.5,9.8,876,23.0
877,0,0.5,9.8,877,12.0
878,0,0.5,9.8,878,12.0
879,0,0.5,9.8,879,12.0
880,0,0.5,9.8,880,19.0
881,0,0.5,9.8,881,13.0
882,0,0.5,9.8,882,14.0
883,0,0.5,9.8,883,12.0
884,0,0.5,9.8,884,19.0
885,0,0.5,9.8,885,31.0
886,0,0.5,9.8,886,23.0
887,0,0.5,9.8,887,16.0
888,0,0.5,9.8,888,11.0
889,0,0.5,9.8,889,14.0
890,0,0.5,9.8,890,14.0
891,0,0.5,9.8,891,16.0
892,0,0.5,9.8,892,49.0
893,0,0.5,9.8,893,27.0
894,0,0.5,9.8,894,14.0
895,0,0.5,9.8,895,13.0
896,0,0.5,9.8,896,13.0
897,0,0.5,9.8,897,14.0
898,0,0.5,9.8,898,23.0
899,0,0.5,9.8,899,10.0
900,0,0.5,9.8,900,26.0
901,0,0.5,9.8,901,16.0
902,0,0.5,9.8,902,15.0
903,0,0.5,9.8,903,14.0
904,0,0.5,9.8,904,31.0
905,0,0.5,9.8,905,10.0
906,0,0.5,9.8,906,10.0
907,0,0.5,9.8,907,10.0
908,0,0.5,9.8,908,55.0
909,0,0.5,9.8,909,58.0
910,0,0.5,9.8,910,33.0
911,0,0.5,9.8,911,17.0
912,0,0.5,9.8,912,29.0
913,0,0.5,9.8,913,169.0
914,0,0.5,9.8,914,82.0
915,0,0.5,9.8,915,45.0
916,0,0.5,9.8,916,11.0
917,0,0.5,9.8,917,13.0
918,0,0.5,9.8,918,105.0
919,0,0.5,9.8,919,12.0
920,0,0.5,9.8,920,12.0
921,0,0.5,9.8,921,11.0
922,0,0.5,9.8,922,25.0
923,0,0.5,9.8,923,179.0
924,0,0.5,9.8,924,182.0
925,0,0.5,9.8,925,14.0
926,0,0.5,9.8,926,14.0
927,0,0.5,9.8,927,13.0
928,0,0.5,9.8,928,142.0
929,0,0.5,9.8,929,48.0
930,0,0.5,9.8,930,40.0
931,0,0.5,9.8,931,12.0
932,0,0.5,9.8,932,11.0
933,0,0.5,9.8,933,30.0
934,0,0.5,9.8,934,13.0
935,0,0.5,9.8,935,14.0
936,0,0.5,9.8,936,13.0
937,0,0.5,9.8,937,27.0
938,0,0.5,9.8,938,28.0
939,0,0.5,9.8,939,11.0
940,0,0.5,9.8,940,13.0
941,0,0.5,9.8,941,12.0
942,0,0.5,9.8,942,11.0
943,0,0.5,9.8,943,27.0
944,0,0.5,9.8,944,46.0
945,0,0.5,9.8,945,12.0
946,0,0.5,9.8,946,12.0
947,0,0.5,9.8,947,13.0
948,0,0.5,9.8,948,12.0
949,0,0.5,9.8,949,15.0
950,0,0.5,9.8,950,15.0
951,0,0.5,9.8,951,12.0
952,0,0.5,9.8,952,15.0
953,0,0.5,9.8,953,14.0
954,0,0.5,9.8,954,30.0
955,0,0.5,9.8,955,55.0
956,0,0.5,9.8,956,14.0
957,0,0.5,9.8,957,14.0
958,0,0.5,9.8,958,89.0
959,0,0.5,9.8,959,12.0
960,0,0.5,9.8,960,10.0
961,0,0.5,9.8,961,10.0
962,0,0.5,9.8,962,13.0
963,0,0.5,9.8,963,16.0
964,0,0.5,9.8,964,15.0
965,0,0.5,9.8,965,13.0
966,0,0.5,9.8,966,15.0
967,0,0.5,9.8,967,31.0
968,0,0.5,9.8,968,104.0
969,0,0.5,9.8,969,183.0
970,0,0.5,9.8,970,45.0
971,0,0.5,9.8,971,70.0
972,0,0.5,9.8,972,122.0
973,0,0.5,9.8,973,66.0
974,0,0.5,9.8,974,110.0
975,0,0.5,9.8,975,102.0
976,0,0.5,9.8,976,181.0
977,0,0.5,9.8,977,21.0
978,0,0.5,9.8,978,12.0
979,0,0.5,9.8,979,9.0
980,0,0.5,9.8,980,9.0
981,0,0.5,9.8,981,10.0
982,0,0.5,9.8,982,26.0
983,0,0.5,9.8,983,129.0
984,0,0.5,9.8,984,19.0
985,0,0.5,9.8,985,9.0
986,0,0.5,9.8,986,9.0
987,0,0.5,9.8,987,10.0
988,0,0.5,9.8,988,29.0
989,0,0.5,9.8,989,44.0
990,0,0.5,9.8,990,52.0
991,0,0.5,9.8,991,15.0
992,0,0.5,9.8,992,117.0
993,0,0.5,9.8,993,63.0
994,0,0.5,9.8,994,231.0
995,0,0.5,9.8,995,44.0
996,0,0.5,9.8,996,165.0
997,0,0.5,9.8,997,117.0
998,0,0.5,9.8,998,102.0
999,0,0.5,9.8,999,99.0
1000,0,0.5,9.8,1000,432.0
1001,0,0.5,9.8,1001,242.0
1002,0,0.5,9.8,1002,21.0
1003,0,0.5,9.8,1003,35.0
1004,0,0.5,9.8,1004,26.0
1005,0,0.5,9.8,1005,24.0
1006,0,0.5,9.8,1006,40.0
1007,0,0.5,9.8,1007,24.0
1008,0,0.5,9.8,1008,21.0
1009,0,0.5,9.8,1009,23.0
1010,0,0.5,9.8,1010,262.0
1011,0,0.5,9.8,1011,161.0
1012,0,0.5,9.8,1012,200.0
1013,0,0.5,9.8,1013,177.0
1014,0,0.5,9.8,1014,194.0
1015,0,0.5,9.8,1015,162.0
1016,0,0.5,9.8,1016,181.0
1017,0,0.5,9.8,1017,213.0
1018,0,0.5,9.8,1018,183.0
1019,0,0.5,9.8,1019,230.0
1020,0,0.5,9.8,1020,207.0
1021,0,0.5,9.8,1021,186.0
1022,0,0.5,9.8,1022,208.0
1023,0,0.5,9.8,1023,198.0
1024,0,0.5,9.8,1024,201.0
1025,0,0.5,9.8,1025,212.0
1026,0,0.5,9.8,1026,217.0
1027,0,0.5,9.8,1027,242.0
1028,0,0.5,9.8,1028,210.0
1029,0,0.5,9.8,1029,226.0
1030,0,0.5,9.8,1030,236.0
1031,0,0.5,9.8,1031,211.0
1032,0,0.5,9.8,1032,213.0
1033,0,0.5,9.8,1033,233.0
1034,0,0.5,9.8,1034,225.0
1035,0,0.5,9.8,1035,262.0
1036,0,0.5,9.8,1036,204.0
1037,0,0.5,9.8,1037,260.0
1038,0,0.5,9.8,1038,228.0
1039,0,0.5,9.8,1039,388.0
1040,0,0.5,9.8,1040,350.0
1041,0,0.5,9.8,1041,290.0
1042,0,0.5,9.8,1042,231.0
1043,0,0.5,9.8,1043,311.0
1044,0,0.5,9.8,1044,316.0
1045,0,0.5,9.8,1045,402.0
1046,0,0.5,9.8,1046,325.0
1047,0,0.5,9.8,1047,491.0
1048,0,0.5,9.8,1048,416.0
1049,0,0.5,9.8,1049,491.0
1050,0,0.5,9.8,1050,350.0
1051,0,0.5,9.8,1051,288.0
1052,0,0.5,9.8,1052,233.0
1053,0,0.5,9.8,1053,253.0
1054,0,0.5,9.8,1054,214.0
1055,0,0.5,9.8,1055,210.0
1056,0,0.5,9.8,1056,283.0
1057,0,0.5,9.8,1057,426.0
1058,0,0.5,9.8,1058,323.0
1059,0,0.5,9.8,1059,227.0
1060,0,0.5,9.8,1060,245.0
1061,0,0.5,9.8,1061,338.0
1062,0,0.5,9.8,1062,294.0
1063,0,0.5,9.8,1063,313.0
1064,0,0.5,9.8,1064,339.0
1065,0,0.5,9.8,1065,271.0
1066,0,0.5,9.8,1066,317.0
1067,0,0.5,9.8,1067,278.0
1068,0,0.5,9.8,1068,369.0
1069,0,0.5,9.8,1069,299.0
1070,0,0.5,9.8,1070,349.0
1071,0,0.5,9.8,1071,227.0
1072,0,0.5,9.8,1072,295.0
1073,0,0.5,9.8,1073,202.0
1074,0,0.5,9.8,1074,296.0
1075,0,0.5,9.8,1075,212.0
0,0,1.0,9.8,0,65.0
1,0,1.0,9.8,1,27.0
2,0,1.0,9.8,2,18.0
3,0,1.0,9.8,3,28.0
4,0,1.0,9.8,4,21.0
5,0,1.0,9.8,5,18.0
6,0,1.0,9.8,6,95.0
7,0,1.0,9.8,7,23.0
8,0,1.0,9.8,8,30.0
9,0,1.0,9.8,9,44.0
10,0,1.0,9.8,10,26.0
11,0,1.0,9.8,11,25.0
12,0,1.0,9.8,12,28.0
13,0,1.0,9.8,13,21.0
14,0,1.0,9.8,14,53.0
15,0,1.0,9.8,15,55.0
16,0,1.0,9.8,16,46.0
17,0,1.0,9.8,17,17.0
18,0,1.0,9.8,18,64.0
19,0,1.0,9.8,19,18.0
20,0,1.0,9.8,20,18.0
21,0,1.0,9.8,21,17.0
22,0,1.0,9.8,22,26.0
23,0,1.0,9.8,23,32.0
24,0,1.0,9.8,24,24.0
25,0,1.0,9.8,25,54.0
26,0,1.0,9.8,26,25.0
27,0,1.0,9.8,27,34.0
28,0,1.0,9.8,28,32.0
29,0,1.0,9.8,29,37.0
30,0,1.0,9.8,30,21.0
31,0,1.0,9.8,31,19.0
32,0,1.0,9.8,32,18.0
33,0,1.0,9.8,33,22.0
34,0,1.0,9.8,34,33.0
35,0,1.0,9.8,35,21.0
36,0,1.0,9.8,36,60.0
37,0,1.0,9.8,37,40.0
38,0,1.0,9.8,38,24.0
39,0,1.0,9.8,39,59.0
40,0,1.0,9.8,40,51.0
41,0,1.0,9.8,41,25.0
42,0,1.0,9.8,42,14.0
43,0,1.0,9.8,43,32.0
44,0,1.0,9.8,44,42.0
45,0,1.0,9.8,45,23.0
46,0,1.0,9.8,46,68.0
47,0,1.0,9.8,47,25.0
48,0,1.0,9.8,48,40.0
49,0,1.0,9.8,49,27.0
50,0,1.0,9.8,50,17.0
51,0,1.0,9.8,51,33.0
52,0,1.0,9.8,52,26.0
53,0,1.0,9.8,53,73.0
54,0,1.0,9.8,54,41.0
55,0,1.0,9.8,55,50.0
56,0,1.0,9.8,56,60.0
57,0,1.0,9.8,57,28.0
58,0,1.0,9.8,58,51.0
59,0,1.0,9.8,59,46.0
60,0,1.0,9.8,60,22.0
61,0,1.0,9.8,61,35.0
62,0,1.0,9.8,62,17.0
63,0,1.0,9.8,63,39.0
64,0,1.0,9.8,64,28.0
65,0,1.0,9.8,65,36.0
66,0,1.0,9.8,66,31.0
67,0,1.0,9.8,67,58.0
68,0,1.0,9.8,68,26.0
69,0,1.0,9.8,69,81.0
70,0,1.0,9.8,70,34.0
71,0,1.0,9.8,71,29.0
72,0,1.0,9.8,72,30.0
73,0,1.0,9.8,73,22.0
74,0,1.0,9.8,74,32.0
75,0,1.0,9.8,75,14.0
76,0,1.0,9.8,76,31.0
77,0,1.0,9.8,77,39.0
78,0,1.0,9.8,78,33.0
79,0,1.0,9.8,79,21.0
80,0,1.0,9.8,80,17.0
81,0,1.0,9.8,81,22.0
82,0,1.0,9.8,82,20.0
83,0,1.0,9.8,83,40.0
84,0,1.0,9.8,84,19.0
85,0,1.0,9.8,85,42.0
86,0,1.0,9.8,86,13.0
87,0,1.0,9.8,87,17.0
88,0,1.0,9.8,88,142.0
89,0,1.0,9.8,89,44.0
90,0,1.0,9.8,90,43.0
91,0,1.0,9.8,91,50.0
92,0,1.0,9.8,92,48.0
93,0,1.0,9.8,93,33.0
94,0,1.0,9.8,94,44.0
95,0,1.0,9.8,95,60.0
96,0,1.0,9.8,96,46.0
97,0,1.0,9.8,97,40.0
98,0,1.0,9.8,98,26.0
99,0,1.0,9.8,99,47.0
100,0,1.0,9.8,100,24.0
101,0,1.0,9.8,101,61.0
102,0,1.0,9.8,102,45.0
103,0,1.0,9.8,103,43.0
104,0,1.0,9.8,104,33.0
105,0,1.0,9.8,105,50.0
106,0,1.0,9.8,106,45.0
107,0,1.0,9.8,107,41.0
108,0,1.0,9.8,108,30.0
109,0,1.0,9.8,109,72.0
110,0,1.0,9.8,110,31.0
111,0,1.0,9.8,111,17.0
112,0,1.0,9.8,112,30.0
113,0,1.0,9.8,113,46.0
114,0,1.0,9.8,114,33.0
115,0,1.0,9.8,115,35.0
116,0,1.0,9.8,116,21.0
117,0,1.0,9.8,117,26.0
118,0,1.0,9.8,118,24.0
119,0,1.0,9.8,119,42.0
120,0,1.0,9.8,120,44.0
121,0,1.0,9.8,121,23.0
122,0,1.0,9.8,122,60.0
123,0,1.0,9.8,123,60.0
124,0,1.0,9.8,124,33.0
125,0,1.0,9.8,125,46.0
126,0,1.0,9.8,126,63.0
127,0,1.0,9.8,127,21.0
128,0,1.0,9.8,128,27.0
129,0,1.0,9.8,129,39.0
130,0,1.0,9.8,130,32.0
131,0,1.0,9.8,131,30.0
132,0,1.0,9.8,132,28.0
133,0,1.0,9.8,133,26.0
134,0,1.0,9.8,134,21.0
135,0,1.0,9.8,135,32.0
136,0,1.0,9.8,136,62.0
137,0,1.0,9.8,137,17.0
138,0,1.0,9.8,138,24.0
139,0,1.0,9.8,139,52.0
140,0,1.0,9.8,140,49.0
141,0,1.0,9.8,141,23.0
142,0,1.0,9.8,142,32.0
143,0,1.0,9.8,143,39.0
144,0,1.0,9.8,144,42.0
145,0,1.0,9.8,145,48.0
146,0,1.0,9.8,146,36.0
147,0,1.0,9.8,147,40.0
148,0,1.0,9.8,148,32.0
149,0,1.0,9.8,149,41.0
150,0,1.0,9.8,150,25.0
151,0,1.0,9.8,151,47.0
152,0,1.0,9.8,152,20.0
153,0,1.0,9.8,153,34.0
154,0,1.0,9.8,154,45.0
155,0,1.0,9.8,155,56.0
156,0,1.0,9.8,156,40.0
157,0,1.0,9.8,157,59.0
158,0,1.0,9.8,158,29.0
159,0,1.0,9.8,159,85.0
160,0,1.0,9.8,160,41.0
161,0,1.0,9.8,161,37.0
162,0,1.0,9.8,162,54.0
163,0,1.0,9.8,163,23.0
164,0,1.0,9.8,164,45.0
165,0,1.0,9.8,165,57.0
166,0,1.0,9.8,166,23.0
167,0,1.0,9.8,167,38.0
168,0,1.0,9.8,168,33.0
169,0,1.0,9.8,169,23.0
170,0,1.0,9.8,170,23.0
171,0,1.0,9.8,171,44.0
172,0,1.0,9.8,172,33.0
173,0,1.0,9.8,173,68.0
174,0,1.0,9.8,174,35.0
175,0,1.0,9.8,175,34.0
176,0,1.0,9.8,176,44.0
177,0,1.0,9.8,177,20.0
178,0,1.0,9.8,178,24.0
179,0,1.0,9.8,179,31.0
180,0,1.0,9.8,180,45.0
181,0,1.0,9.8,181,35.0
182,0,1.0,9.8,182,39.0
183,0,1.0,9.8,183,32.0
184,0,1.0,9.8,184,26.0
185,0,1.0,9.8,185,35.0
186,0,1.0,9.8,186,31.0
187,0,1.0,9.8,187,42.0
188,0,1.0,9.8,188,143.0
189,0,1.0,9.8,189,36.0
190,0,1.0,9.8,190,30.0
191,0,1.0,9.8,191,58.0
192,0,1.0,9.8,192,101.0
193,0,1.0,9.8,193,25.0
194,0,1.0,9.8,194,53.0
195,0,1.0,9.8,195,63.0
196,0,1.0,9.8,196,91.0
197,0,1.0,9.8,197,37.0
198,0,1.0,9.8,198,67.0
199,0,1.0,9.8,199,52.0
200,0,1.0,9.8,200,77.0
201,0,1.0,9.8,201,79.0
202,0,1.0,9.8,202,116.0
203,0,1.0,9.8,203,115.0
204,0,1.0,9.8,204,141.0
205,0,1.0,9.8,205,134.0
206,0,1.0,9.8,206,155.0
207,0,1.0,9.8,207,45.0
208,0,1.0,9.8,208,92.0
209,0,1.0,9.8,209,75.0
210,0,1.0,9.8,210,127.0
211,0,1.0,9.8,211,28.0
212,0,1.0,9.8,212,26.0
213,0,1.0,9.8,213,16.0
214,0,1.0,9.8,214,109.0
215,0,1.0,9.8,215,115.0
216,0,1.0,9.8,216,104.0
217,0,1.0,9.8,217,138.0
218,0,1.0,9.8,218,136.0
219,0,1.0,9.8,219,133.0
220,0,1.0,9.8,220,136.0
221,0,1.0,9.8,221,29.0
222,0,1.0,9.8,222,60.0
223,0,1.0,9.8,223,185.0
224,0,1.0,9.8,224,121.0
225,0,1.0,9.8,225,21.0
226,0,1.0,9.8,226,145.0
227,0,1.0,9.8,227,125.0
228,0,1.0,9.8,228,102.0
229,0,1.0,9.8,229,54.0
230,0,1.0,9.8,230,27.0
231,0,1.0,9.8,231,17.0
232,0,1.0,9.8,232,147.0
233,0,1.0,9.8,233,140.0
234,0,1.0,9.8,234,138.0
235,0,1.0,9.8,235,135.0
236,0,1.0,9.8,236,236.0
237,0,1.0,9.8,237,156.0
238,0,1.0,9.8,238,17.0
239,0,1.0,9.8,239,134.0
240,0,1.0,9.8,240,185.0
241,0,1.0,9.8,241,166.0
242,0,1.0,9.8,242,194.0
243,0,1.0,9.8,243,52.0
244,0,1.0,9.8,244,119.0
245,0,1.0,9.8,245,150.0
246,0,1.0,9.8,246,157.0
247,0,1.0,9.8,247,174.0
248,0,1.0,9.8,248,29.0
249,0,1.0,9.8,249,179.0
250,0,1.0,9.8,250,344.0
251,0,1.0,9.8,251,216.0
252,0,1.0,9.8,252,243.0
253,0,1.0,9.8,253,234.0
254,0,1.0,9.8,254,179.0
255,0,1.0,9.8,255,163.0
256,0,1.0,9.8,256,98.0
257,0,1.0,9.8,257,157.0
258,0,1.0,9.8,258,158.0
259,0,1.0,9.8,259,166.0
260,0,1.0,9.8,260,190.0
261,0,1.0,9.8,261,164.0
262,0,1.0,9.8,262,68.0
263,0,1.0,9.8,263,168.0
264,0,1.0,9.8,264,30.0
265,0,1.0,9.8,265,158.0
266,0,1.0,9.8,266,156.0
267,0,1.0,9.8,267,166.0
268,0,1.0,9.8,268,180.0
269,0,1.0,9.8,269,162.0
270,0,1.0,9.8,270,38.0
271,0,1.0,9.8,271,219.0
272,0,1.0,9.8,272,167.0
273,0,1.0,9.8,273,154.0
274,0,1.0,9.8,274,162.0
275,0,1.0,9.8,275,152.0
276,0,1.0,9.8,276,204.0
277,0,1.0,9.8,277,175.0
278,0,1.0,9.8,278,167.0
279,0,1.0,9.8,279,171.0
280,0,1.0,9.8,280,182.0
281,0,1.0,9.8,281,202.0
282,0,1.0,9.8,282,40.0
283,0,1.0,9.8,283,180.0
284,0,1.0,9.8,284,169.0
285,0,1.0,9.8,285,68.0
286,0,1.0,9.8,286,182.0
287,0,1.0,9.8,287,160.0
288,0,1.0,9.8,288,248.0
289,0,1.0,9.8,289,174.0
290,0,1.0,9.8,290,160.0
291,0,1.0,9.8,291,195.0
292,0,1.0,9.8,292,220.0
293,0,1.0,9.8,293,197.0
294,0,1.0,9.8,294,197.0
295,0,1.0,9.8,295,195.0
296,0,1.0,9.8,296,195.0
297,0,1.0,9.8,297,207.0
298,0,1.0,9.8,298,190.0
299,0,1.0,9.8,299,224.0
300,0,1.0,9.8,300,190.0
301,0,1.0,9.8,301,154.0
302,0,1.0,9.8,302,163.0
303,0,1.0,9.8,303,185.0
304,0,1.0,9.8,304,199.0
305,0,1.0,9.8,305,192.0
306,0,1.0,9.8,306,224.0
307,0,1.0,9.8,307,187.0
308,0,1.0,9.8,308,254.0
309,0,1.0,9.8,309,222.0
310,0,1.0,9.8,310,221.0
311,0,1.0,9.8,311,175.0
312,0,1.0,9.8,312,166.0
313,0,1.0,9.8,313,152.0
314,0,1.0,9.8,314,289.0
315,0,1.0,9.8,315,167.0
316,0,1.0,9.8,316,216.0
317,0,1.0,9.8,317,233.0
318,0,1.0,9.8,318,210.0
319,0,1.0,9.8,319,151.0
320,0,1.0,9.8,320,220.0
321,0,1.0,9.8,321,188.0
322,0,1.0,9.8,322,249.0
323,0,1.0,9.8,323,191.0
324,0,1.0,9.8,324,214.0
325,0,1.0,9.8,325,247.0
326,0,1.0,9.8,326,237.0
327,0,1.0,9.8,327,233.0
328,0,1.0,9.8,328,216.0
329,0,1.0,9.8,329,487.0
330,0,1.0,9.8,330,339.0
331,0,1.0,9.8,331,171.0
332,0,1.0,9.8,332,199.0
333,0,1.0,9.8,333,167.0
334,0,1.0,9.8,334,174.0
335,0,1.0,9.8,335,175.0
336,0,1.0,9.8,336,184.0
337,0,1.0,9.8,337,178.0
338,0,1.0,9.8,338,181.0
339,0,1.0,9.8,339,173.0
340,0,1.0,9.8,340,191.0
341,0,1.0,9.8,341,168.0
342,0,1.0,9.8,342,177.0
343,0,1.0,9.8,343,183.0
344,0,1.0,9.8,344,180.0
345,0,1.0,9.8,345,180.0
346,0,1.0,9.8,346,376.0
347,0,1.0,9.8,347,200.0
348,0,1.0,9.8,348,175.0
349,0,1.0,9.8,349,162.0
350,0,1.0,9.8,350,195.0
351,0,1.0,9.8,351,187.0
352,0,1.0,9.8,352,209.0
353,0,1.0,9.8,353,198.0
354,0,1.0,9.8,354,183.0
355,0,1.0,9.8,355,209.0
356,0,1.0,9.8,356,186.0
357,0,1.0,9.8,357,209.0
358,0,1.0,9.8,358,188.0
359,0,1.0,9.8,359,277.0
360,0,1.0,9.8,360,383.0
361,0,1.0,9.8,361,188.0
362,0,1.0,9.8,362,214.0
363,0,1.0,9.8,363,332.0
364,0,1.0,9.8,364,298.0
365,0,1.0,9.8,365,303.0
366,0,1.0,9.8,366,174.0
0,0,0.2,9.8,0,17.0
1,0,0.2,9.8,1,13.0
2,0,0.2,9.8,2,10.0
3,0,0.2,9.8,3,18.0
4,0,0.2,9.8,4,27.0
5,0,0.2,9.8,5,11.0
6,0,0.2,9.8,6,15.0
7,0,0.2,9.8,7,20.0
8,0,0.2,9.8,8,12.0
9,0,0.2,9.8,9,7.0
10,0,0.2,9.8,10,14.0
11,0,0.2,9.8,11,28.0
12,0,0.2,9.8,12,6.0
13,0,0.2,9.8,13,22.0
14,0,0.2,9.8,14,7.0
15,0,0.2,9.8,15,11.0
16,0,0.2,9.8,16,16.0
17,0,0.2,9.8,17,31.0
18,0,0.2,9.8,18,16.0
19,0,0.2,9.8,19,28.0
20,0,0.2,9.8,20,8.0
21,0,0.2,9.8,21,31.0
22,0,0.2,9.8,22,13.0
23,0,0.2,9.8,23,10.0
24,0,0.2,9.8,24,8.0
25,0,0.2,9.8,25,8.0
26,0,0.2,9.8,26,12.0
27,0,0.2,9.8,27,9.0
28,0,0.2,9.8,28,7.0
29,0,0.2,9.8,29,55.0
30,0,0.2,9.8,30,15.0
31,0,0.2,9.8,31,7.0
32,0,0.2,9.8,32,8.0
33,0,0.2,9.8,33,8.0
34,0,0.2,9.8,34,8.0
35,0,0.2,9.8,35,14.0
36,0,0.2,9.8,36,41.0
37,0,0.2,9.8,37,22.0
38,0,0.2,9.8,38,8.0
39,0,0.2,9.8,39,9.0
40,0,0.2,9.8,40,11.0
41,0,0.2,9.8,41,24.0
42,0,0.2,9.8,42,23.0
43,0,0.2,9.8,43,21.0
44,0,0.2,9.8,44,17.0
45,0,0.2,9.8,45,11.0
46,0,0.2,9.8,46,14.0
47,0,0.2,9.8,47,12.0
48,0,0.2,9.8,48,8.0
49,0,0.2,9.8,49,25.0
50,0,0.2,9.8,50,19.0
51,0,0.2,9.8,51,13.0
52,0,0.2,9.8,52,21.0
53,0,0.2,9.8,53,37.0
54,0,0.2,9.8,54,12.0
55,0,0.2,9.8,55,7.0
56,0,0.2,9.8,56,35.0
57,0,0.2,9.8,57,54.0
58,0,0.2,9.8,58,11.0
59,0,0.2,9.8,59,27.0
60,0,0.2,9.8,60,10.0
61,0,0.2,9.8,61,27.0
62,0,0.2,9.8,62,36.0
63,0,0.2,9.8,63,21.0
64,0,0.2,9.8,64,21.0
65,0,0.2,9.8,65,7.0
66,0,0.2,9.8,66,43.0
67,0,0.2,9.8,67,47.0
68,0,0.2,9.8,68,16.0
69,0,0.2,9.8,69,15.0
70,0,0.2,9.8,70,10.0
71,0,0.2,9.8,71,45.0
72,0,0.2,9.8,72,9.0
73,0,0.2,9.8,73,28.0
74,0,0.2,9.8,74,26.0
75,0,0.2,9.8,75,77.0
76,0,0.2,9.8,76,7.0
77,0,0.2,9.8,77,18.0
78,0,0.2,9.8,78,15.0
79,0,0.2,9.8,79,11.0
80,0,0.2,9.8,80,16.0
81,0,0.2,9.8,81,21.0
82,0,0.2,9.8,82,19.0
83,0,0.2,9.8,83,10.0
84,0,0.2,9.8,84,10.0
85,0,0.2,9.8,85,6.0
86,0,0.2,9.8,86,11.0
87,0,0.2,9.8,87,8.0
88,0,0.2,9.8,88,27.0
89,0,0.2,9.8,89,19.0
90,0,0.2,9.8,90,11.0
91,0,0.2,9.8,91,13.0
92,0,0.2,9.8,92,62.0
93,0,0.2,9.8,93,35.0
94,0,0.2,9.8,94,7.0
95,0,0.2,9.8,95,53.0
96,0,0.2,9.8,96,86.0
97,0,0.2,9.8,97,72.0
98,0,0.2,9.8,98,9.0
99,0,0.2,9.8,99,137.0
100,0,0.2,9.8,100,17.0
101,0,0.2,9.8,101,34.0
102,0,0.2,9.8,102,15.0
103,0,0.2,9.8,103,41.0
104,0,0.2,9.8,104,12.0
105,0,0.2,9.8,105,23.0
106,0,0.2,9.8,106,34.0
107,0,0.2,9.8,107,11.0
108,0,0.2,9.8,108,8.0
109,0,0.2,9.8,109,17.0
110,0,0.2,9.8,110,25.0
111,0,0.2,9.8,111,68.0
112,0,0.2,9.8,112,45.0
113,0,0.2,9.8,113,55.0
114,0,0.2,9.8,114,66.0
115,0,0.2,9.8,115,79.0
116,0,0.2,9.8,116,44.0
117,0,0.2,9.8,117,137.0
118,0,0.2,9.8,118,43.0
119,0,0.2,9.8,119,13.0
120,0,0.2,9.8,120,97.0
121,0,0.2,9.8,121,97.0
122,0,0.2,9.8,122,11.0
123,0,0.2,9.8,123,19.0
124,0,0.2,9.8,124,12.0
125,0,0.2,9.8,125,39.0
126,0,0.2,9.8,126,27.0
127,0,0.2,9.8,127,30.0
128,0,0.2,9.8,128,68.0
129,0,0.2,9.8,129,76.0
130,0,0.2,9.8,130,8.0
131,0,0.2,9.8,131,69.0
132,0,0.2,9.8,132,19.0
133,0,0.2,9.8,133,239.0
134,0,0.2,9.8,134,107.0
135,0,0.2,9.8,135,12.0
136,0,0.2,9.8,136,45.0
137,0,0.2,9.8,137,25.0
138,0,0.2,9.8,138,46.0
139,0,0.2,9.8,139,41.0
140,0,0.2,9.8,140,43.0
141,0,0.2,9.8,141,11.0
142,0,0.2,9.8,142,48.0
143,0,0.2,9.8,143,51.0
144,0,0.2,9.8,144,29.0
145,0,0.2,9.8,145,13.0
146,0,0.2,9.8,146,36.0
147,0,0.2,9.8,147,120.0
148,0,0.2,9.8,148,15.0
149,0,0.2,9.8,149,8.0
150,0,0.2,9.8,150,26.0
151,0,0.2,9.8,151,94.0
152,0,0.2,9.8,152,39.0
153,0,0.2,9.8,153,57.0
154,0,0.2,9.8,154,45.0
155,0,0.2,9.8,155,23.0
156,0,0.2,9.8,156,79.0
157,0,0.2,9.8,157,107.0
158,0,0.2,9.8,158,28.0
159,0,0.2,9.8,159,195.0
160,0,0.2,9.8,160,23.0
161,0,0.2,9.8,161,50.0
162,0,0.2,9.8,162,232.0
163,0,0.2,9.8,163,27.0
164,0,0.2,9.8,164,63.0
165,0,0.2,9.8,165,29.0
166,0,0.2,9.8,166,77.0
167,0,0.2,9.8,167,109.0
168,0,0.2,9.8,168,72.0
169,0,0.2,9.8,169,48.0
170,0,0.2,9.8,170,53.0
171,0,0.2,9.8,171,22.0
172,0,0.2,9.8,172,42.0
173,0,0.2,9.8,173,10.0
174,0,0.2,9.8,174,7.0
175,0,0.2,9.8,175,17.0
176,0,0.2,9.8,176,17.0
177,0,0.2,9.8,177,57.0
178,0,0.2,9.8,178,74.0
179,0,0.2,9.8,179,291.0
180,0,0.2,9.8,180,29.0
181,0,0.2,9.8,181,86.0
182,0,0.2,9.8,182,244.0
183,0,0.2,9.8,183,67.0
184,0,0.2,9.8,184,47.0
185,0,0.2,9.8,185,145.0
186,0,0.2,9.8,186,56.0
187,0,0.2,9.8,187,83.0
188,0,0.2,9.8,188,93.0
189,0,0.2,9.8,189,41.0
190,0,0.2,9.8,190,235.0
191,0,0.2,9.8,191,87.0
192,0,0.2,9.8,192,79.0
193,0,0.2,9.8,193,15.0
194,0,0.2,9.8,194,94.0
195,0,0.2,9.8,195,361.0
196,0,0.2,9.8,196,176.0
197,0,0.2,9.8,197,19.0
198,0,0.2,9.8,198,97.0
199,0,0.2,9.8,199,22.0
200,0,0.2,9.8,200,188.0
201,0,0.2,9.8,201,293.0
202,0,0.2,9.8,202,103.0
203,0,0.2,9.8,203,98.0
204,0,0.2,9.8,204,78.0
205,0,0.2,9.8,205,162.0
206,0,0.2,9.8,206,32.0
207,0,0.2,9.8,207,113.0
208,0,0.2,9.8,208,146.0
209,0,0.2,9.8,209,287.0
210,0,0.2,9.8,210,81.0
211,0,0.2,9.8,211,129.0
212,0,0.2,9.8,212,81.0
213,0,0.2,9.8,213,47.0
214,0,0.2,9.8,214,74.0
215,0,0.2,9.8,215,359.0
216,0,0.2,9.8,216,56.0
217,0,0.2,9.8,217,59.0
218,0,0.2,9.8,218,105.0
219,0,0.2,9.8,219,179.0
220,0,0.2,9.8,220,179.0
221,0,0.2,9.8,221,27.0
222,0,0.2,9.8,222,111.0
223,0,0.2,9.8,223,95.0
224,0,0.2,9.8,224,12.0
225,0,0.2,9.8,225,15.0
226,0,0.2,9.8,226,208.0
227,0,0.2,9.8,227,103.0
228,0,0.2,9.8,228,220.0
229,0,0.2,9.8,229,182.0
230,0,0.2,9.8,230,28.0
231,0,0.2,9.8,231,215.0
232,0,0.2,9.8,232,32.0
233,0,0.2,9.8,233,11.0
234,0,0.2,9.8,234,56.0
235,0,0.2,9.8,235,34.0
236,0,0.2,9.8,236,45.0
237,0,0.2,9.8,237,32.0
238,0,0.2,9.8,238,44.0
239,0,0.2,9.8,239,73.0
240,0,0.2,9.8,240,44.0
241,0,0.2,9.8,241,74.0
242,0,0.2,9.8,242,94.0
243,0,0.2,9.8,243,107.0
244,0,0.2,9.8,244,362.0
245,0,0.2,9.8,245,235.0
246,0,0.2,9.8,246,344.0
247,0,0.2,9.8,247,54.0
248,0,0.2,9.8,248,12.0
249,0,0.2,9.8,249,53.0
250,0,0.2,9.8,250,66.0
251,0,0.2,9.8,251,27.0
252,0,0.2,9.8,252,22.0
253,0,0.2,9.8,253,128.0
254,0,0.2,9.8,254,210.0
255,0,0.2,9.8,255,96.0
256,0,0.2,9.8,256,138.0
257,0,0.2,9.8,257,28.0
258,0,0.2,9.8,258,27.0
259,0,0.2,9.8,259,52.0
260,0,0.2,9.8,260,131.0
261,0,0.2,9.8,261,153.0
262,0,0.2,9.8,262,17.0
263,0,0.2,9.8,263,47.0
264,0,0.2,9.8,264,347.0
265,0,0.2,9.8,265,275.0
266,0,0.2,9.8,266,162.0
267,0,0.2,9.8,267,34.0
268,0,0.2,9.8,268,115.0
269,0,0.2,9.8,269,171.0
270,0,0.2,9.8,270,45.0
271,0,0.2,9.8,271,79.0
272,0,0.2,9.8,272,304.0
273,0,0.2,9.8,273,142.0
274,0,0.2,9.8,274,65.0
275,0,0.2,9.8,275,162.0
276,0,0.2,9.8,276,47.0
277,0,0.2,9.8,277,72.0
278,0,0.2,9.8,278,127.0
279,0,0.2,9.8,279,485.0
280,0,0.2,9.8,280,261.0
281,0,0.2,9.8,281,208.0
282,0,0.2,9.8,282,336.0
283,0,0.2,9.8,283,788.0
284,0,0.2,9.8,284,45.0
285,0,0.2,9.8,285,105.0
286,0,0.2,9.8,286,168.0
287,0,0.2,9.8,287,40.0
288,0,0.2,9.8,288,186.0
289,0,0.2,9.8,289,15.0
290,0,0.2,9.8,290,234.0
291,0,0.2,9.8,291,21.0
292,0,0.2,9.8,292,75.0
293,0,0.2,9.8,293,92.0
294,0,0.2,9.8,294,114.0
295,0,0.2,9.8,295,117.0
296,0,0.2,9.8,296,46.0
297,0,0.2,9.8,297,381.0
298,0,0.2,9.8,298,85.0
299,0,0.2,9.8,299,123.0
300,0,0.2,9.8,300,115.0
301,0,0.2,9.8,301,24.0
302,0,0.2,9.8,302,343.0
303,0,0.2,9.8,303,158.0
304,0,0.2,9.8,304,255.0
305,0,0.2,9.8,305,64.0
306,0,0.2,9.8,306,138.0
307,0,0.2,9.8,307,419.0
308,0,0.2,9.8,308,73.0
309,0,0.2,9.8,309,435.0
310,0,0.2,9.8,310,524.0
311,0,0.2,9.8,311,43.0
312,0,0.2,9.8,312,527.0
313,0,0.2,9.8,313,760.0
314,0,0.2,9.8,314,186.0
315,0,0.2,9.8,315,35.0
316,0,0.2,9.8,316,191.0
317,0,0.2,9.8,317,240.0
318,0,0.2,9.8,318,33.0
319,0,0.2,9.8,319,193.0
320,0,0.2,9.8,320,520.0
321,0,0.2,9.8,321,84.0
322,0,0.2,9.8,322,99.0
323,0,0.2,9.8,323,430.0
324,0,0.2,9.8,324,32.0
325,0,0.2,9.8,325,60.0
326,0,0.2,9.8,326,37.0
327,0,0.2,9.8,327,318.0
328,0,0.2,9.8,328,216.0
329,0,0.2,9.8,329,177.0
330,0,0.2,9.8,330,184.0
331,0,0.2,9.8,331,489.0
332,0,0.2,9.8,332,56.0
333,0,0.2,9.8,333,1000.0
334,0,0.2,9.8,334,135.0
335,0,0.2,9.8,335,120.0
336,0,0.2,9.8,336,521.0
337,0,0.2,9.8,337,450.0
338,0,0.2,9.8,338,73.0
339,0,0.2,9.8,339,42.0
340,0,0.2,9.8,340,1000.0
341,0,0.2,9.8,341,860.0
